timestamp,requests,is_anomaly,fault
2025-06-02T00:00:00,1317.6,0,
2025-06-02T01:00:00,1023.3,0,
2025-06-02T02:00:00,885.0,0,
2025-06-02T03:00:00,872.3,0,
2025-06-02T04:00:00,1059.4,0,
2025-06-02T05:00:00,1073.8,0,
2025-06-02T06:00:00,1246.7,0,
2025-06-02T07:00:00,1338.5,0,
2025-06-02T08:00:00,1675.5,0,
2025-06-02T09:00:00,1944.1,0,
2025-06-02T10:00:00,2117.5,0,
2025-06-02T11:00:00,2303.6,0,
2025-06-02T12:00:00,2437.4,0,
2025-06-02T13:00:00,2570.0,0,
2025-06-02T14:00:00,2664.7,0,
2025-06-02T15:00:00,2526.8,0,
2025-06-02T16:00:00,2695.6,0,
2025-06-02T17:00:00,2734.2,0,
2025-06-02T18:00:00,2359.9,0,
2025-06-02T19:00:00,2292.0,0,
2025-06-02T20:00:00,1935.6,0,
2025-06-02T21:00:00,1731.2,0,
2025-06-02T22:00:00,1587.3,0,
2025-06-02T23:00:00,1450.6,0,
2025-06-03T00:00:00,1047.6,0,
2025-06-03T01:00:00,1054.3,0,
2025-06-03T02:00:00,1050.3,0,
2025-06-03T03:00:00,1006.9,0,
2025-06-03T04:00:00,1074.1,0,
2025-06-03T05:00:00,1162.6,0,
2025-06-03T06:00:00,1267.2,0,
2025-06-03T07:00:00,1461.1,0,
2025-06-03T08:00:00,1575.9,0,
2025-06-03T09:00:00,1827.4,0,
2025-06-03T10:00:00,2003.8,0,
2025-06-03T11:00:00,2358.5,0,
2025-06-03T12:00:00,2406.8,0,
2025-06-03T13:00:00,2550.0,0,
2025-06-03T14:00:00,2451.2,0,
2025-06-03T15:00:00,2571.8,0,
2025-06-03T16:00:00,2605.6,0,
2025-06-03T17:00:00,2453.5,0,
2025-06-03T18:00:00,2463.4,0,
2025-06-03T19:00:00,2235.5,0,
2025-06-03T20:00:00,1992.3,0,
2025-06-03T21:00:00,1815.0,0,
2025-06-03T22:00:00,1508.5,0,
2025-06-03T23:00:00,1457.6,0,
2025-06-04T00:00:00,1256.8,0,
2025-06-04T01:00:00,1063.3,0,
2025-06-04T02:00:00,1011.0,0,
2025-06-04T03:00:00,1052.1,0,
2025-06-04T04:00:00,1068.4,0,
2025-06-04T05:00:00,1150.6,0,
2025-06-04T06:00:00,1214.2,0,
2025-06-04T07:00:00,1481.3,0,
2025-06-04T08:00:00,1616.4,0,
2025-06-04T09:00:00,2126.5,0,
2025-06-04T10:00:00,1869.5,0,
2025-06-04T11:00:00,2284.4,0,
2025-06-04T12:00:00,2407.8,0,
2025-06-04T13:00:00,2497.2,0,
2025-06-04T14:00:00,2428.5,0,
2025-06-04T15:00:00,2860.1,0,
2025-06-04T16:00:00,2430.6,0,
2025-06-04T17:00:00,2630.2,0,
2025-06-04T18:00:00,2367.2,0,
2025-06-04T19:00:00,2133.4,0,
2025-06-04T20:00:00,1888.4,0,
2025-06-04T21:00:00,1823.2,0,
2025-06-04T22:00:00,1621.2,0,
2025-06-04T23:00:00,1420.1,0,
2025-06-05T00:00:00,1178.6,0,
2025-06-05T01:00:00,1127.7,0,
2025-06-05T02:00:00,1006.6,0,
2025-06-05T03:00:00,1054.2,0,
2025-06-05T04:00:00,1066.2,0,
2025-06-05T05:00:00,1202.5,0,
2025-06-05T06:00:00,1115.6,0,
2025-06-05T07:00:00,1563.9,0,
2025-06-05T08:00:00,1560.7,0,
2025-06-05T09:00:00,1781.2,0,
2025-06-05T10:00:00,2060.2,0,
2025-06-05T11:00:00,2185.3,0,
2025-06-05T12:00:00,2210.5,0,
2025-06-05T13:00:00,2606.6,0,
2025-06-05T14:00:00,2443.0,0,
2025-06-05T15:00:00,2573.3,0,
2025-06-05T16:00:00,2496.9,0,
2025-06-05T17:00:00,2358.5,0,
2025-06-05T18:00:00,2370.6,0,
2025-06-05T19:00:00,2341.9,0,
2025-06-05T20:00:00,2082.9,0,
2025-06-05T21:00:00,1788.5,0,
2025-06-05T22:00:00,1818.8,0,
2025-06-05T23:00:00,1342.0,0,
2025-06-06T00:00:00,1238.9,0,
2025-06-06T01:00:00,1076.0,0,
2025-06-06T02:00:00,1040.9,0,
2025-06-06T03:00:00,1029.6,0,
2025-06-06T04:00:00,1064.8,0,
2025-06-06T05:00:00,1067.5,0,
2025-06-06T06:00:00,1310.9,0,
2025-06-06T07:00:00,1395.1,0,
2025-06-06T08:00:00,1769.4,0,
2025-06-06T09:00:00,1907.5,0,
2025-06-06T10:00:00,2120.4,0,
2025-06-06T11:00:00,2059.7,0,
2025-06-06T12:00:00,2561.2,0,
2025-06-06T13:00:00,2597.9,0,
2025-06-06T14:00:00,2654.8,0,
2025-06-06T15:00:00,2760.4,0,
2025-06-06T16:00:00,2759.7,0,
2025-06-06T17:00:00,2581.0,0,
2025-06-06T18:00:00,2470.2,0,
2025-06-06T19:00:00,2397.2,0,
2025-06-06T20:00:00,1882.8,0,
2025-06-06T21:00:00,1794.1,0,
2025-06-06T22:00:00,1570.1,0,
2025-06-06T23:00:00,1409.8,0,
2025-06-07T00:00:00,819.0,0,
2025-06-07T01:00:00,683.6,0,
2025-06-07T02:00:00,635.1,0,
2025-06-07T03:00:00,652.6,0,
2025-06-07T04:00:00,645.2,0,
2025-06-07T05:00:00,740.9,0,
2025-06-07T06:00:00,765.7,0,
2025-06-07T07:00:00,945.3,0,
2025-06-07T08:00:00,1053.2,0,
2025-06-07T09:00:00,1182.8,0,
2025-06-07T10:00:00,1248.2,0,
2025-06-07T11:00:00,1398.9,0,
2025-06-07T12:00:00,1513.8,0,
2025-06-07T13:00:00,1629.8,0,
2025-06-07T14:00:00,1639.0,0,
2025-06-07T15:00:00,1777.5,0,
2025-06-07T16:00:00,1614.9,0,
2025-06-07T17:00:00,1758.3,0,
2025-06-07T18:00:00,1515.5,0,
2025-06-07T19:00:00,1505.8,0,
2025-06-07T20:00:00,1305.6,0,
2025-06-07T21:00:00,1183.9,0,
2025-06-07T22:00:00,1020.2,0,
2025-06-07T23:00:00,858.8,0,
2025-06-08T00:00:00,806.6,0,
2025-06-08T01:00:00,663.9,0,
2025-06-08T02:00:00,671.9,0,
2025-06-08T03:00:00,640.3,0,
2025-06-08T04:00:00,648.9,0,
2025-06-08T05:00:00,729.5,0,
2025-06-08T06:00:00,744.5,0,
2025-06-08T07:00:00,835.2,0,
2025-06-08T08:00:00,985.3,0,
2025-06-08T09:00:00,1087.0,0,
2025-06-08T10:00:00,1290.1,0,
2025-06-08T11:00:00,1549.4,0,
2025-06-08T12:00:00,1530.1,0,
2025-06-08T13:00:00,1602.5,0,
2025-06-08T14:00:00,1542.5,0,
2025-06-08T15:00:00,1614.0,0,
2025-06-08T16:00:00,1697.1,0,
2025-06-08T17:00:00,1562.6,0,
2025-06-08T18:00:00,1427.6,0,
2025-06-08T19:00:00,1428.4,0,
2025-06-08T20:00:00,1301.5,0,
2025-06-08T21:00:00,1118.3,0,
2025-06-08T22:00:00,1030.3,0,
2025-06-08T23:00:00,853.8,0,
2025-06-09T00:00:00,1233.0,0,
2025-06-09T01:00:00,1108.2,0,
2025-06-09T02:00:00,978.9,0,
2025-06-09T03:00:00,1009.1,0,
2025-06-09T04:00:00,1072.7,0,
2025-06-09T05:00:00,1107.7,0,
2025-06-09T06:00:00,1375.3,0,
2025-06-09T07:00:00,1505.3,0,
2025-06-09T08:00:00,1539.9,0,
2025-06-09T09:00:00,1722.3,0,
2025-06-09T10:00:00,1919.1,0,
2025-06-09T11:00:00,2495.2,0,
2025-06-09T12:00:00,2510.2,0,
2025-06-09T13:00:00,2736.7,0,
2025-06-09T14:00:00,2729.7,0,
2025-06-09T15:00:00,2560.6,0,
2025-06-09T16:00:00,2547.2,0,
2025-06-09T17:00:00,2619.7,0,
2025-06-09T18:00:00,2476.3,0,
2025-06-09T19:00:00,2179.4,0,
2025-06-09T20:00:00,2120.8,0,
2025-06-09T21:00:00,1633.0,0,
2025-06-09T22:00:00,1584.8,0,
2025-06-09T23:00:00,1374.9,0,
2025-06-10T00:00:00,1170.5,0,
2025-06-10T01:00:00,1157.1,0,
2025-06-10T02:00:00,990.2,0,
2025-06-10T03:00:00,1042.7,0,
2025-06-10T04:00:00,1057.9,0,
2025-06-10T05:00:00,1114.3,0,
2025-06-10T06:00:00,1153.2,0,
2025-06-10T07:00:00,1445.0,0,
2025-06-10T08:00:00,1635.6,0,
2025-06-10T09:00:00,1956.0,0,
2025-06-10T10:00:00,2119.8,0,
2025-06-10T11:00:00,2256.5,0,
2025-06-10T12:00:00,2334.9,0,
2025-06-10T13:00:00,2641.7,0,
2025-06-10T14:00:00,2569.8,0,
2025-06-10T15:00:00,2806.7,0,
2025-06-10T16:00:00,2650.0,0,
2025-06-10T17:00:00,2490.0,0,
2025-06-10T18:00:00,2620.5,0,
2025-06-10T19:00:00,2417.7,0,
2025-06-10T20:00:00,2037.9,0,
2025-06-10T21:00:00,1839.8,0,
2025-06-10T22:00:00,1596.7,0,
2025-06-10T23:00:00,1519.6,0,
2025-06-11T00:00:00,1294.1,0,
2025-06-11T01:00:00,1061.5,0,
2025-06-11T02:00:00,1111.7,0,
2025-06-11T03:00:00,992.6,0,
2025-06-11T04:00:00,1011.8,0,
2025-06-11T05:00:00,1162.7,0,
2025-06-11T06:00:00,1356.8,0,
2025-06-11T07:00:00,1497.1,0,
2025-06-11T08:00:00,1613.4,0,
2025-06-11T09:00:00,1817.8,0,
2025-06-11T10:00:00,1942.7,0,
2025-06-11T11:00:00,2308.0,0,
2025-06-11T12:00:00,2397.5,0,
2025-06-11T13:00:00,2731.5,0,
2025-06-11T14:00:00,2567.4,0,
2025-06-11T15:00:00,2629.2,0,
2025-06-11T16:00:00,2650.7,0,
2025-06-11T17:00:00,2421.7,0,
2025-06-11T18:00:00,2532.5,0,
2025-06-11T19:00:00,2438.1,0,
2025-06-11T20:00:00,2108.6,0,
2025-06-11T21:00:00,1866.3,0,
2025-06-11T22:00:00,1620.6,0,
2025-06-11T23:00:00,1447.8,0,
2025-06-12T00:00:00,1252.8,0,
2025-06-12T01:00:00,1108.1,0,
2025-06-12T02:00:00,1142.4,0,
2025-06-12T03:00:00,953.8,0,
2025-06-12T04:00:00,1158.4,0,
2025-06-12T05:00:00,1238.9,0,
2025-06-12T06:00:00,1302.0,0,
2025-06-12T07:00:00,1572.0,0,
2025-06-12T08:00:00,1701.3,0,
2025-06-12T09:00:00,1774.9,0,
2025-06-12T10:00:00,2090.2,0,
2025-06-12T11:00:00,2334.6,0,
2025-06-12T12:00:00,2560.6,0,
2025-06-12T13:00:00,3009.6,0,
2025-06-12T14:00:00,2708.9,0,
2025-06-12T15:00:00,2511.7,0,
2025-06-12T16:00:00,2800.9,0,
2025-06-12T17:00:00,2690.2,0,
2025-06-12T18:00:00,2515.0,0,
2025-06-12T19:00:00,2238.6,0,
2025-06-12T20:00:00,2055.2,0,
2025-06-12T21:00:00,1913.3,0,
2025-06-12T22:00:00,1539.1,0,
2025-06-12T23:00:00,1479.3,0,
2025-06-13T00:00:00,1294.7,0,
2025-06-13T01:00:00,1134.8,0,
2025-06-13T02:00:00,1076.0,0,
2025-06-13T03:00:00,1128.0,0,
2025-06-13T04:00:00,1114.6,0,
2025-06-13T05:00:00,1156.5,0,
2025-06-13T06:00:00,1267.6,0,
2025-06-13T07:00:00,1342.6,0,
2025-06-13T08:00:00,1777.5,0,
2025-06-13T09:00:00,1964.3,0,
2025-06-13T10:00:00,2118.4,0,
2025-06-13T11:00:00,2215.6,0,
2025-06-13T12:00:00,2359.6,0,
2025-06-13T13:00:00,2703.5,0,
2025-06-13T14:00:00,2746.0,0,
2025-06-13T15:00:00,2804.6,0,
2025-06-13T16:00:00,2840.9,0,
2025-06-13T17:00:00,2833.7,0,
2025-06-13T18:00:00,2592.2,0,
2025-06-13T19:00:00,2046.2,0,
2025-06-13T20:00:00,2125.3,0,
2025-06-13T21:00:00,1726.0,0,
2025-06-13T22:00:00,1583.9,0,
2025-06-13T23:00:00,1570.6,0,
2025-06-14T00:00:00,835.9,0,
2025-06-14T01:00:00,689.5,0,
2025-06-14T02:00:00,664.2,0,
2025-06-14T03:00:00,660.0,0,
2025-06-14T04:00:00,677.8,0,
2025-06-14T05:00:00,703.3,0,
2025-06-14T06:00:00,802.2,0,
2025-06-14T07:00:00,938.0,0,
2025-06-14T08:00:00,1114.9,0,
2025-06-14T09:00:00,1246.7,0,
2025-06-14T10:00:00,1319.0,0,
2025-06-14T11:00:00,1539.1,0,
2025-06-14T12:00:00,1538.0,0,
2025-06-14T13:00:00,1559.7,0,
2025-06-14T14:00:00,1747.6,0,
2025-06-14T15:00:00,1706.4,0,
2025-06-14T16:00:00,1585.8,0,
2025-06-14T17:00:00,1525.7,0,
2025-06-14T18:00:00,1532.0,0,
2025-06-14T19:00:00,1378.2,0,
2025-06-14T20:00:00,1213.7,0,
2025-06-14T21:00:00,1115.2,0,
2025-06-14T22:00:00,1059.1,0,
2025-06-14T23:00:00,910.6,0,
2025-06-15T00:00:00,780.0,0,
2025-06-15T01:00:00,684.9,0,
2025-06-15T02:00:00,645.1,0,
2025-06-15T03:00:00,637.7,0,
2025-06-15T04:00:00,644.3,0,
2025-06-15T05:00:00,680.8,0,
2025-06-15T06:00:00,858.9,0,
2025-06-15T07:00:00,879.6,0,
2025-06-15T08:00:00,1044.4,0,
2025-06-15T09:00:00,1251.5,0,
2025-06-15T10:00:00,1346.2,0,
2025-06-15T11:00:00,1527.4,0,
2025-06-15T12:00:00,1474.6,0,
2025-06-15T13:00:00,1683.4,0,
2025-06-15T14:00:00,1727.0,0,
2025-06-15T15:00:00,1692.3,0,
2025-06-15T16:00:00,1745.0,0,
2025-06-15T17:00:00,1552.8,0,
2025-06-15T18:00:00,1509.6,0,
2025-06-15T19:00:00,1516.4,0,
2025-06-15T20:00:00,1337.6,0,
2025-06-15T21:00:00,1045.9,0,
2025-06-15T22:00:00,1013.9,0,
2025-06-15T23:00:00,860.4,0,
2025-06-16T00:00:00,1259.4,0,
2025-06-16T01:00:00,1228.3,0,
2025-06-16T02:00:00,1079.7,0,
2025-06-16T03:00:00,1026.6,0,
2025-06-16T04:00:00,977.1,0,
2025-06-16T05:00:00,1291.2,0,
2025-06-16T06:00:00,1269.6,0,
2025-06-16T07:00:00,1325.7,0,
2025-06-16T08:00:00,1799.7,0,
2025-06-16T09:00:00,1809.9,0,
2025-06-16T10:00:00,2078.0,0,
2025-06-16T11:00:00,2405.3,0,
2025-06-16T12:00:00,2428.0,0,
2025-06-16T13:00:00,2568.0,0,
2025-06-16T14:00:00,2760.2,0,
2025-06-16T15:00:00,2882.9,0,
2025-06-16T16:00:00,2987.6,0,
2025-06-16T17:00:00,2802.7,0,
2025-06-16T18:00:00,2434.1,0,
2025-06-16T19:00:00,2281.4,0,
2025-06-16T20:00:00,2342.3,0,
2025-06-16T21:00:00,2003.8,0,
2025-06-16T22:00:00,1631.5,0,
2025-06-16T23:00:00,1579.9,0,
2025-06-17T00:00:00,1351.0,0,
2025-06-17T01:00:00,1238.2,0,
2025-06-17T02:00:00,1084.0,0,
2025-06-17T03:00:00,1053.4,0,
2025-06-17T04:00:00,1084.5,0,
2025-06-17T05:00:00,1226.6,0,
2025-06-17T06:00:00,1351.2,0,
2025-06-17T07:00:00,1536.0,0,
2025-06-17T08:00:00,1723.0,0,
2025-06-17T09:00:00,1982.7,0,
2025-06-17T10:00:00,2060.5,0,
2025-06-17T11:00:00,2383.3,0,
2025-06-17T12:00:00,2619.7,0,
2025-06-17T13:00:00,2832.2,0,
2025-06-17T14:00:00,2407.6,0,
2025-06-17T15:00:00,2889.7,0,
2025-06-17T16:00:00,2778.2,0,
2025-06-17T17:00:00,2709.0,0,
2025-06-17T18:00:00,2555.4,0,
2025-06-17T19:00:00,2329.2,0,
2025-06-17T20:00:00,2144.1,0,
2025-06-17T21:00:00,1925.9,0,
2025-06-17T22:00:00,1729.4,0,
2025-06-17T23:00:00,1656.3,0,
2025-06-18T00:00:00,1340.3,0,
2025-06-18T01:00:00,1144.8,0,
2025-06-18T02:00:00,1127.5,0,
2025-06-18T03:00:00,1115.1,0,
2025-06-18T04:00:00,1105.4,0,
2025-06-18T05:00:00,1108.0,0,
2025-06-18T06:00:00,1348.8,0,
2025-06-18T07:00:00,1607.1,0,
2025-06-18T08:00:00,1828.3,0,
2025-06-18T09:00:00,2088.4,0,
2025-06-18T10:00:00,2220.4,0,
2025-06-18T11:00:00,2331.9,0,
2025-06-18T12:00:00,2517.6,0,
2025-06-18T13:00:00,2769.5,0,
2025-06-18T14:00:00,2536.0,0,
2025-06-18T15:00:00,3001.3,0,
2025-06-18T16:00:00,2841.3,0,
2025-06-18T17:00:00,2746.6,0,
2025-06-18T18:00:00,2511.2,0,
2025-06-18T19:00:00,2408.8,0,
2025-06-18T20:00:00,1935.5,0,
2025-06-18T21:00:00,1933.4,0,
2025-06-18T22:00:00,1804.4,0,
2025-06-18T23:00:00,1597.6,0,
2025-06-19T00:00:00,1287.0,0,
2025-06-19T01:00:00,1201.3,0,
2025-06-19T02:00:00,1029.7,0,
2025-06-19T03:00:00,1103.9,0,
2025-06-19T04:00:00,1063.1,0,
2025-06-19T05:00:00,1138.0,0,
2025-06-19T06:00:00,1352.3,0,
2025-06-19T07:00:00,1499.1,0,
2025-06-19T08:00:00,1729.8,0,
2025-06-19T09:00:00,1983.3,0,
2025-06-19T10:00:00,2455.3,0,
2025-06-19T11:00:00,2203.4,0,
2025-06-19T12:00:00,2738.0,0,
2025-06-19T13:00:00,2697.3,0,
2025-06-19T14:00:00,2540.3,0,
2025-06-19T15:00:00,2904.7,0,
2025-06-19T16:00:00,2547.0,0,
2025-06-19T17:00:00,2641.3,0,
2025-06-19T18:00:00,2382.3,0,
2025-06-19T19:00:00,2493.6,0,
2025-06-19T20:00:00,2140.7,0,
2025-06-19T21:00:00,2103.9,0,
2025-06-19T22:00:00,1652.8,0,
2025-06-19T23:00:00,1519.3,0,
2025-06-20T00:00:00,1214.0,0,
2025-06-20T01:00:00,1195.0,0,
2025-06-20T02:00:00,1071.3,0,
2025-06-20T03:00:00,1054.8,0,
2025-06-20T04:00:00,1085.3,0,
2025-06-20T05:00:00,1249.1,0,
2025-06-20T06:00:00,1247.9,0,
2025-06-20T07:00:00,1551.8,0,
2025-06-20T08:00:00,1889.5,0,
2025-06-20T09:00:00,2058.8,0,
2025-06-20T10:00:00,2053.3,0,
2025-06-20T11:00:00,2529.9,0,
2025-06-20T12:00:00,2691.8,0,
2025-06-20T13:00:00,2879.9,0,
2025-06-20T14:00:00,2803.5,0,
2025-06-20T15:00:00,2597.4,0,
2025-06-20T16:00:00,2451.4,0,
2025-06-20T17:00:00,2898.0,0,
2025-06-20T18:00:00,2528.4,0,
2025-06-20T19:00:00,2508.9,0,
2025-06-20T20:00:00,2278.4,0,
2025-06-20T21:00:00,2020.5,0,
2025-06-20T22:00:00,1896.2,0,
2025-06-20T23:00:00,1505.7,0,
2025-06-21T00:00:00,945.9,0,
2025-06-21T01:00:00,754.5,0,
2025-06-21T02:00:00,666.4,0,
2025-06-21T03:00:00,746.8,0,
2025-06-21T04:00:00,675.2,0,
2025-06-21T05:00:00,766.0,0,
2025-06-21T06:00:00,802.9,0,
2025-06-21T07:00:00,924.1,0,
2025-06-21T08:00:00,994.9,0,
2025-06-21T09:00:00,1208.9,0,
2025-06-21T10:00:00,1382.0,0,
2025-06-21T11:00:00,1542.3,0,
2025-06-21T12:00:00,1732.6,0,
2025-06-21T13:00:00,1610.8,0,
2025-06-21T14:00:00,1890.2,0,
2025-06-21T15:00:00,1820.2,0,
2025-06-21T16:00:00,1775.8,0,
2025-06-21T17:00:00,1677.8,0,
2025-06-21T18:00:00,1599.8,0,
2025-06-21T19:00:00,1513.0,0,
2025-06-21T20:00:00,1358.2,0,
2025-06-21T21:00:00,1230.1,0,
2025-06-21T22:00:00,1132.6,0,
2025-06-21T23:00:00,908.8,0,
2025-06-22T00:00:00,756.0,0,
2025-06-22T01:00:00,713.2,0,
2025-06-22T02:00:00,670.6,0,
2025-06-22T03:00:00,634.3,0,
2025-06-22T04:00:00,702.0,0,
2025-06-22T05:00:00,740.4,0,
2025-06-22T06:00:00,859.9,0,
2025-06-22T07:00:00,942.4,0,
2025-06-22T08:00:00,1032.6,0,
2025-06-22T09:00:00,1241.4,0,
2025-06-22T10:00:00,1322.1,0,
2025-06-22T11:00:00,1485.5,0,
2025-06-22T12:00:00,1551.3,0,
2025-06-22T13:00:00,1760.7,0,
2025-06-22T14:00:00,1810.0,0,
2025-06-22T15:00:00,1839.5,0,
2025-06-22T16:00:00,1678.5,0,
2025-06-22T17:00:00,1776.9,0,
2025-06-22T18:00:00,1552.7,0,
2025-06-22T19:00:00,1509.7,0,
2025-06-22T20:00:00,1381.7,0,
2025-06-22T21:00:00,1140.5,0,
2025-06-22T22:00:00,1186.1,0,
2025-06-22T23:00:00,927.3,0,
2025-06-23T00:00:00,1381.4,0,
2025-06-23T01:00:00,1163.0,0,
2025-06-23T02:00:00,1232.2,0,
2025-06-23T03:00:00,1124.3,0,
2025-06-23T04:00:00,1054.2,0,
2025-06-23T05:00:00,1294.9,0,
2025-06-23T06:00:00,1262.7,0,
2025-06-23T07:00:00,1661.4,0,
2025-06-23T08:00:00,1678.9,0,
2025-06-23T09:00:00,1814.1,0,
2025-06-23T10:00:00,2181.4,0,
2025-06-23T11:00:00,2261.4,0,
2025-06-23T12:00:00,2650.4,0,
2025-06-23T13:00:00,2746.0,0,
2025-06-23T14:00:00,2768.3,0,
2025-06-23T15:00:00,2800.1,0,
2025-06-23T16:00:00,2895.4,0,
2025-06-23T17:00:00,2775.2,0,
2025-06-23T18:00:00,2765.9,0,
2025-06-23T19:00:00,2536.8,0,
2025-06-23T20:00:00,2200.9,0,
2025-06-23T21:00:00,1905.8,0,
2025-06-23T22:00:00,1866.0,0,
2025-06-23T23:00:00,1480.8,0,
2025-06-24T00:00:00,1335.5,0,
2025-06-24T01:00:00,1247.8,0,
2025-06-24T02:00:00,1114.7,0,
2025-06-24T03:00:00,1105.1,0,
2025-06-24T04:00:00,1178.9,0,
2025-06-24T05:00:00,1261.4,0,
2025-06-24T06:00:00,1266.9,0,
2025-06-24T07:00:00,1585.0,0,
2025-06-24T08:00:00,1664.4,0,
2025-06-24T09:00:00,1998.1,0,
2025-06-24T10:00:00,2209.6,0,
2025-06-24T11:00:00,2440.8,0,
2025-06-24T12:00:00,2679.1,0,
2025-06-24T13:00:00,2588.6,0,
2025-06-24T14:00:00,2882.0,0,
2025-06-24T15:00:00,2772.4,0,
2025-06-24T16:00:00,2849.2,0,
2025-06-24T17:00:00,2542.2,0,
2025-06-24T18:00:00,2771.7,0,
2025-06-24T19:00:00,2178.6,0,
2025-06-24T20:00:00,2339.2,0,
2025-06-24T21:00:00,2077.4,0,
2025-06-24T22:00:00,1724.6,0,
2025-06-24T23:00:00,1571.2,0,
2025-06-25T00:00:00,1326.7,0,
2025-06-25T01:00:00,1211.5,0,
2025-06-25T02:00:00,1149.2,0,
2025-06-25T03:00:00,985.1,0,
2025-06-25T04:00:00,1198.0,0,
2025-06-25T05:00:00,1175.1,0,
2025-06-25T06:00:00,1285.6,0,
2025-06-25T07:00:00,1501.5,0,
2025-06-25T08:00:00,1812.3,0,
2025-06-25T09:00:00,1956.5,0,
2025-06-25T10:00:00,2292.9,0,
2025-06-25T11:00:00,2416.2,0,
2025-06-25T12:00:00,2737.5,0,
2025-06-25T13:00:00,2784.2,0,
2025-06-25T14:00:00,2902.8,0,
2025-06-25T15:00:00,2767.1,0,
2025-06-25T16:00:00,3058.3,0,
2025-06-25T17:00:00,2970.8,0,
2025-06-25T18:00:00,2504.6,0,
2025-06-25T19:00:00,2399.4,0,
2025-06-25T20:00:00,2048.7,0,
2025-06-25T21:00:00,1918.8,0,
2025-06-25T22:00:00,1612.2,0,
2025-06-25T23:00:00,1685.8,0,
2025-06-26T00:00:00,1338.1,0,
2025-06-26T01:00:00,1150.7,0,
2025-06-26T02:00:00,997.5,0,
2025-06-26T03:00:00,1188.5,0,
2025-06-26T04:00:00,1185.4,0,
2025-06-26T05:00:00,1316.0,0,
2025-06-26T06:00:00,1324.5,0,
2025-06-26T07:00:00,1709.0,0,
2025-06-26T08:00:00,1928.0,0,
2025-06-26T09:00:00,2106.6,0,
2025-06-26T10:00:00,2218.1,0,
2025-06-26T11:00:00,2539.0,0,
2025-06-26T12:00:00,2452.4,0,
2025-06-26T13:00:00,2759.3,0,
2025-06-26T14:00:00,2876.5,0,
2025-06-26T15:00:00,2869.3,0,
2025-06-26T16:00:00,2932.8,0,
2025-06-26T17:00:00,3000.9,0,
2025-06-26T18:00:00,2437.6,0,
2025-06-26T19:00:00,2405.8,0,
2025-06-26T20:00:00,2320.0,0,
2025-06-26T21:00:00,2040.2,0,
2025-06-26T22:00:00,1962.9,0,
2025-06-26T23:00:00,1502.6,0,
2025-06-27T00:00:00,1427.5,0,
2025-06-27T01:00:00,1231.0,0,
2025-06-27T02:00:00,1163.0,0,
2025-06-27T03:00:00,1148.5,0,
2025-06-27T04:00:00,1116.7,0,
2025-06-27T05:00:00,1193.7,0,
2025-06-27T06:00:00,1269.1,0,
2025-06-27T07:00:00,1492.5,0,
2025-06-27T08:00:00,1871.5,0,
2025-06-27T09:00:00,1905.8,0,
2025-06-27T10:00:00,2171.2,0,
2025-06-27T11:00:00,2414.8,0,
2025-06-27T12:00:00,2763.8,0,
2025-06-27T13:00:00,2875.0,0,
2025-06-27T14:00:00,3063.0,0,
2025-06-27T15:00:00,2829.2,0,
2025-06-27T16:00:00,2883.5,0,
2025-06-27T17:00:00,3039.7,0,
2025-06-27T18:00:00,2861.3,0,
2025-06-27T19:00:00,2648.8,0,
2025-06-27T20:00:00,2131.7,0,
2025-06-27T21:00:00,2079.4,0,
2025-06-27T22:00:00,1583.6,0,
2025-06-27T23:00:00,1530.3,0,
2025-06-28T00:00:00,830.5,0,
2025-06-28T01:00:00,751.0,0,
2025-06-28T02:00:00,813.6,0,
2025-06-28T03:00:00,688.6,0,
2025-06-28T04:00:00,713.7,0,
2025-06-28T05:00:00,709.6,0,
2025-06-28T06:00:00,875.6,0,
2025-06-28T07:00:00,1066.2,0,
2025-06-28T08:00:00,1196.3,0,
2025-06-28T09:00:00,1289.9,0,
2025-06-28T10:00:00,1246.8,0,
2025-06-28T11:00:00,1532.3,0,
2025-06-28T12:00:00,1581.2,0,
2025-06-28T13:00:00,1706.5,0,
2025-06-28T14:00:00,1747.1,0,
2025-06-28T15:00:00,1758.2,0,
2025-06-28T16:00:00,5964.0,1,spike
2025-06-28T17:00:00,5666.2,1,spike
2025-06-28T18:00:00,5900.2,1,spike
2025-06-28T19:00:00,5384.7,1,spike
2025-06-28T20:00:00,4699.5,1,spike
2025-06-28T21:00:00,1258.1,0,
2025-06-28T22:00:00,1105.6,0,
2025-06-28T23:00:00,949.3,0,
2025-06-29T00:00:00,840.5,0,
2025-06-29T01:00:00,735.0,0,
2025-06-29T02:00:00,723.6,0,
2025-06-29T03:00:00,673.1,0,
2025-06-29T04:00:00,742.2,0,
2025-06-29T05:00:00,793.1,0,
2025-06-29T06:00:00,884.0,0,
2025-06-29T07:00:00,936.8,0,
2025-06-29T08:00:00,1120.0,0,
2025-06-29T09:00:00,1208.6,0,
2025-06-29T10:00:00,1422.8,0,
2025-06-29T11:00:00,1477.3,0,
2025-06-29T12:00:00,1597.5,0,
2025-06-29T13:00:00,1801.8,0,
2025-06-29T14:00:00,1774.3,0,
2025-06-29T15:00:00,1803.1,0,
2025-06-29T16:00:00,2034.6,0,
2025-06-29T17:00:00,1676.4,0,
2025-06-29T18:00:00,1813.2,0,
2025-06-29T19:00:00,1472.9,0,
2025-06-29T20:00:00,1384.0,0,
2025-06-29T21:00:00,1241.9,0,
2025-06-29T22:00:00,1095.4,0,
2025-06-29T23:00:00,955.0,0,
2025-06-30T00:00:00,1335.6,0,
2025-06-30T01:00:00,1195.8,0,
2025-06-30T02:00:00,1170.0,0,
2025-06-30T03:00:00,1112.6,0,
2025-06-30T04:00:00,1193.0,0,
2025-06-30T05:00:00,1220.3,0,
2025-06-30T06:00:00,1344.0,0,
2025-06-30T07:00:00,1586.7,0,
2025-06-30T08:00:00,1760.2,0,
2025-06-30T09:00:00,1996.7,0,
2025-06-30T10:00:00,2245.4,0,
2025-06-30T11:00:00,2422.9,0,
2025-06-30T12:00:00,2637.3,0,
2025-06-30T13:00:00,2851.4,0,
2025-06-30T14:00:00,2961.1,0,
2025-06-30T15:00:00,2994.8,0,
2025-06-30T16:00:00,2974.4,0,
2025-06-30T17:00:00,3115.5,0,
2025-06-30T18:00:00,2782.1,0,
2025-06-30T19:00:00,2239.1,0,
2025-06-30T20:00:00,2449.6,0,
2025-06-30T21:00:00,1886.4,0,
2025-06-30T22:00:00,1755.9,0,
2025-06-30T23:00:00,1528.1,0,
2025-07-01T00:00:00,1382.3,0,
2025-07-01T01:00:00,1314.2,0,
2025-07-01T02:00:00,1087.4,0,
2025-07-01T03:00:00,1075.1,0,
2025-07-01T04:00:00,1135.7,0,
2025-07-01T05:00:00,1276.6,0,
2025-07-01T06:00:00,1392.1,0,
2025-07-01T07:00:00,1621.2,0,
2025-07-01T08:00:00,1850.6,0,
2025-07-01T09:00:00,2009.9,0,
2025-07-01T10:00:00,2364.6,0,
2025-07-01T11:00:00,2416.3,0,
2025-07-01T12:00:00,2530.7,0,
2025-07-01T13:00:00,2932.1,0,
2025-07-01T14:00:00,2971.5,0,
2025-07-01T15:00:00,3214.9,0,
2025-07-01T16:00:00,2792.3,0,
2025-07-01T17:00:00,3049.1,0,
2025-07-01T18:00:00,2718.3,0,
2025-07-01T19:00:00,2325.6,0,
2025-07-01T20:00:00,2306.2,0,
2025-07-01T21:00:00,1980.0,0,
2025-07-01T22:00:00,1850.4,0,
2025-07-01T23:00:00,1558.0,0,
2025-07-02T00:00:00,1489.0,0,
2025-07-02T01:00:00,1120.2,0,
2025-07-02T02:00:00,1192.8,0,
2025-07-02T03:00:00,1115.3,0,
2025-07-02T04:00:00,1219.0,0,
2025-07-02T05:00:00,1306.0,0,
2025-07-02T06:00:00,1468.6,0,
2025-07-02T07:00:00,1505.6,0,
2025-07-02T08:00:00,1698.6,0,
2025-07-02T09:00:00,2019.8,0,
2025-07-02T10:00:00,2390.2,0,
2025-07-02T11:00:00,2556.8,0,
2025-07-02T12:00:00,2461.7,0,
2025-07-02T13:00:00,3109.2,0,
2025-07-02T14:00:00,3103.8,0,
2025-07-02T15:00:00,2863.9,0,
2025-07-02T16:00:00,2802.8,0,
2025-07-02T17:00:00,2874.1,0,
2025-07-02T18:00:00,2801.2,0,
2025-07-02T19:00:00,2541.6,0,
2025-07-02T20:00:00,2199.8,0,
2025-07-02T21:00:00,2194.3,0,
2025-07-02T22:00:00,1715.0,0,
2025-07-02T23:00:00,1527.9,0,
2025-07-03T00:00:00,1614.6,0,
2025-07-03T01:00:00,1267.3,0,
2025-07-03T02:00:00,1078.7,0,
2025-07-03T03:00:00,1079.3,0,
2025-07-03T04:00:00,1098.9,0,
2025-07-03T05:00:00,1232.2,0,
2025-07-03T06:00:00,1440.4,0,
2025-07-03T07:00:00,1556.8,0,
2025-07-03T08:00:00,1867.6,0,
2025-07-03T09:00:00,2126.9,0,
2025-07-03T10:00:00,2296.4,0,
2025-07-03T11:00:00,2678.8,0,
2025-07-03T12:00:00,2448.2,0,
2025-07-03T13:00:00,2989.0,0,
2025-07-03T14:00:00,3110.0,0,
2025-07-03T15:00:00,2997.8,0,
2025-07-03T16:00:00,2933.3,0,
2025-07-03T17:00:00,2484.8,0,
2025-07-03T18:00:00,2762.6,0,
2025-07-03T19:00:00,2467.5,0,
2025-07-03T20:00:00,2491.6,0,
2025-07-03T21:00:00,2030.3,0,
2025-07-03T22:00:00,1874.2,0,
2025-07-03T23:00:00,1552.5,0,
2025-07-04T00:00:00,1407.1,0,
2025-07-04T01:00:00,1205.3,0,
2025-07-04T02:00:00,1016.5,0,
2025-07-04T03:00:00,1099.2,0,
2025-07-04T04:00:00,1112.1,0,
2025-07-04T05:00:00,1168.9,0,
2025-07-04T06:00:00,1493.1,0,
2025-07-04T07:00:00,1534.6,0,
2025-07-04T08:00:00,1900.0,0,
2025-07-04T09:00:00,1975.4,0,
2025-07-04T10:00:00,2114.7,0,
2025-07-04T11:00:00,2543.1,0,
2025-07-04T12:00:00,2807.1,0,
2025-07-04T13:00:00,2754.1,0,
2025-07-04T14:00:00,2711.7,0,
2025-07-04T15:00:00,3028.2,0,
2025-07-04T16:00:00,2947.1,0,
2025-07-04T17:00:00,2893.5,0,
2025-07-04T18:00:00,2913.2,0,
2025-07-04T19:00:00,2501.6,0,
2025-07-04T20:00:00,2384.8,0,
2025-07-04T21:00:00,2223.0,0,
2025-07-04T22:00:00,2064.0,0,
2025-07-04T23:00:00,1613.9,0,
2025-07-05T00:00:00,859.8,0,
2025-07-05T01:00:00,792.1,0,
2025-07-05T02:00:00,810.4,0,
2025-07-05T03:00:00,712.7,0,
2025-07-05T04:00:00,734.5,0,
2025-07-05T05:00:00,795.8,0,
2025-07-05T06:00:00,845.3,0,
2025-07-05T07:00:00,979.4,0,
2025-07-05T08:00:00,1206.2,0,
2025-07-05T09:00:00,1379.9,0,
2025-07-05T10:00:00,1586.9,0,
2025-07-05T11:00:00,1755.6,0,
2025-07-05T12:00:00,1443.7,0,
2025-07-05T13:00:00,1832.2,0,
2025-07-05T14:00:00,1769.4,0,
2025-07-05T15:00:00,1756.3,0,
2025-07-05T16:00:00,1841.3,0,
2025-07-05T17:00:00,1833.1,0,
2025-07-05T18:00:00,1720.4,0,
2025-07-05T19:00:00,1552.6,0,
2025-07-05T20:00:00,1370.1,0,
2025-07-05T21:00:00,1233.1,0,
2025-07-05T22:00:00,1048.9,0,
2025-07-05T23:00:00,972.3,0,
2025-07-06T00:00:00,891.7,0,
2025-07-06T01:00:00,827.2,0,
2025-07-06T02:00:00,756.2,0,
2025-07-06T03:00:00,710.4,0,
2025-07-06T04:00:00,733.9,0,
2025-07-06T05:00:00,797.4,0,
2025-07-06T06:00:00,926.1,0,
2025-07-06T07:00:00,1062.2,0,
2025-07-06T08:00:00,1209.9,0,
2025-07-06T09:00:00,1265.1,0,
2025-07-06T10:00:00,1391.9,0,
2025-07-06T11:00:00,1482.3,0,
2025-07-06T12:00:00,1702.7,0,
2025-07-06T13:00:00,1865.4,0,
2025-07-06T14:00:00,1995.1,0,
2025-07-06T15:00:00,1946.3,0,
2025-07-06T16:00:00,1911.4,0,
2025-07-06T17:00:00,1890.9,0,
2025-07-06T18:00:00,1761.4,0,
2025-07-06T19:00:00,1636.5,0,
2025-07-06T20:00:00,1517.9,0,
2025-07-06T21:00:00,1347.5,0,
2025-07-06T22:00:00,1244.5,0,
2025-07-06T23:00:00,1009.6,0,
2025-07-07T00:00:00,1484.8,0,
2025-07-07T01:00:00,1309.4,0,
2025-07-07T02:00:00,1129.8,0,
2025-07-07T03:00:00,1150.7,0,
2025-07-07T04:00:00,1104.9,0,
2025-07-07T05:00:00,1171.8,0,
2025-07-07T06:00:00,1490.5,0,
2025-07-07T07:00:00,1635.9,0,
2025-07-07T08:00:00,1825.6,0,
2025-07-07T09:00:00,2165.2,0,
2025-07-07T10:00:00,2471.0,0,
2025-07-07T11:00:00,2634.0,0,
2025-07-07T12:00:00,2663.5,0,
2025-07-07T13:00:00,2899.5,0,
2025-07-07T14:00:00,3086.2,0,
2025-07-07T15:00:00,3126.5,0,
2025-07-07T16:00:00,2788.0,0,
2025-07-07T17:00:00,3184.6,0,
2025-07-07T18:00:00,2791.2,0,
2025-07-07T19:00:00,2477.1,0,
2025-07-07T20:00:00,2146.5,0,
2025-07-07T21:00:00,2066.0,0,
2025-07-07T22:00:00,2014.6,0,
2025-07-07T23:00:00,1697.6,0,
2025-07-08T00:00:00,1589.9,0,
2025-07-08T01:00:00,1227.0,0,
2025-07-08T02:00:00,1255.9,0,
2025-07-08T03:00:00,1096.5,0,
2025-07-08T04:00:00,1160.8,0,
2025-07-08T05:00:00,1414.9,0,
2025-07-08T06:00:00,1373.5,0,
2025-07-08T07:00:00,1750.8,0,
2025-07-08T08:00:00,1794.3,0,
2025-07-08T09:00:00,2142.3,0,
2025-07-08T10:00:00,2255.9,0,
2025-07-08T11:00:00,2540.7,0,
2025-07-08T12:00:00,2720.3,0,
2025-07-08T13:00:00,2598.9,0,
2025-07-08T14:00:00,3174.3,0,
2025-07-08T15:00:00,2960.8,0,
2025-07-08T16:00:00,3401.0,0,
2025-07-08T17:00:00,2909.7,0,
2025-07-08T18:00:00,2749.7,0,
2025-07-08T19:00:00,2586.5,0,
2025-07-08T20:00:00,2408.6,0,
2025-07-08T21:00:00,2136.3,0,
2025-07-08T22:00:00,1891.6,0,
2025-07-08T23:00:00,1668.9,0,
2025-07-09T00:00:00,1454.1,0,
2025-07-09T01:00:00,1286.8,0,
2025-07-09T02:00:00,1168.9,0,
2025-07-09T03:00:00,1206.0,0,
2025-07-09T04:00:00,1249.5,0,
2025-07-09T05:00:00,1268.6,0,
2025-07-09T06:00:00,1574.8,0,
2025-07-09T07:00:00,1600.0,0,
2025-07-09T08:00:00,1786.8,0,
2025-07-09T09:00:00,2155.2,0,
2025-07-09T10:00:00,2572.1,0,
2025-07-09T11:00:00,2456.6,0,
2025-07-09T12:00:00,2737.2,0,
2025-07-09T13:00:00,2948.3,0,
2025-07-09T14:00:00,3330.7,0,
2025-07-09T15:00:00,3095.6,0,
2025-07-09T16:00:00,2978.4,0,
2025-07-09T17:00:00,3295.3,0,
2025-07-09T18:00:00,2931.1,0,
2025-07-09T19:00:00,2643.9,0,
2025-07-09T20:00:00,2441.0,0,
2025-07-09T21:00:00,2267.5,0,
2025-07-09T22:00:00,1944.9,0,
2025-07-09T23:00:00,1712.7,0,
2025-07-10T00:00:00,1498.1,0,
2025-07-10T01:00:00,1207.1,0,
2025-07-10T02:00:00,1224.4,0,
2025-07-10T03:00:00,1157.7,0,
2025-07-10T04:00:00,1229.7,0,
2025-07-10T05:00:00,1198.5,0,
2025-07-10T06:00:00,1469.4,0,
2025-07-10T07:00:00,1579.2,0,
2025-07-10T08:00:00,2023.1,0,
2025-07-10T09:00:00,2194.0,0,
2025-07-10T10:00:00,2395.0,0,
2025-07-10T11:00:00,2601.7,0,
2025-07-10T12:00:00,2381.8,0,
2025-07-10T13:00:00,3088.7,0,
2025-07-10T14:00:00,3124.9,0,
2025-07-10T15:00:00,2924.3,0,
2025-07-10T16:00:00,3331.3,0,
2025-07-10T17:00:00,2798.7,0,
2025-07-10T18:00:00,2757.0,0,
2025-07-10T19:00:00,2578.4,0,
2025-07-10T20:00:00,2579.0,0,
2025-07-10T21:00:00,2111.5,0,
2025-07-10T22:00:00,1715.4,0,
2025-07-10T23:00:00,1730.3,0,
2025-07-11T00:00:00,1484.5,0,
2025-07-11T01:00:00,1392.0,0,
2025-07-11T02:00:00,1308.2,0,
2025-07-11T03:00:00,1099.5,0,
2025-07-11T04:00:00,1210.4,0,
2025-07-11T05:00:00,1338.9,0,
2025-07-11T06:00:00,1505.8,0,
2025-07-11T07:00:00,1552.0,0,
2025-07-11T08:00:00,1912.1,0,
2025-07-11T09:00:00,2186.8,0,
2025-07-11T10:00:00,2195.2,0,
2025-07-11T11:00:00,2575.0,0,
2025-07-11T12:00:00,2899.1,0,
2025-07-11T13:00:00,2792.1,0,
2025-07-11T14:00:00,3081.5,0,
2025-07-11T15:00:00,3124.4,0,
2025-07-11T16:00:00,2960.3,0,
2025-07-11T17:00:00,2844.1,0,
2025-07-11T18:00:00,2937.7,0,
2025-07-11T19:00:00,2569.6,0,
2025-07-11T20:00:00,2498.2,0,
2025-07-11T21:00:00,2213.2,0,
2025-07-11T22:00:00,1829.2,0,
2025-07-11T23:00:00,1519.7,0,
2025-07-12T00:00:00,934.4,0,
2025-07-12T01:00:00,763.5,0,
2025-07-12T02:00:00,807.4,0,
2025-07-12T03:00:00,711.3,0,
2025-07-12T04:00:00,745.4,0,
2025-07-12T05:00:00,703.6,0,
2025-07-12T06:00:00,909.3,0,
2025-07-12T07:00:00,1031.1,0,
2025-07-12T08:00:00,1187.7,0,
2025-07-12T09:00:00,1412.4,0,
2025-07-12T10:00:00,1585.9,0,
2025-07-12T11:00:00,1665.3,0,
2025-07-12T12:00:00,1631.1,0,
2025-07-12T13:00:00,1980.5,0,
2025-07-12T14:00:00,1948.4,0,
2025-07-12T15:00:00,1744.2,0,
2025-07-12T16:00:00,1804.1,0,
2025-07-12T17:00:00,1899.0,0,
2025-07-12T18:00:00,1829.1,0,
2025-07-12T19:00:00,1741.8,0,
2025-07-12T20:00:00,1450.2,0,
2025-07-12T21:00:00,1401.6,0,
2025-07-12T22:00:00,1319.8,0,
2025-07-12T23:00:00,1019.1,0,
2025-07-13T00:00:00,958.7,0,
2025-07-13T01:00:00,856.5,0,
2025-07-13T02:00:00,778.9,0,
2025-07-13T03:00:00,668.9,0,
2025-07-13T04:00:00,721.6,0,
2025-07-13T05:00:00,846.0,0,
2025-07-13T06:00:00,935.3,0,
2025-07-13T07:00:00,980.4,0,
2025-07-13T08:00:00,1049.7,0,
2025-07-13T09:00:00,1401.0,0,
2025-07-13T10:00:00,1602.4,0,
2025-07-13T11:00:00,1745.5,0,
2025-07-13T12:00:00,1822.0,0,
2025-07-13T13:00:00,1817.6,0,
2025-07-13T14:00:00,1978.4,0,
2025-07-13T15:00:00,1990.5,0,
2025-07-13T16:00:00,1804.5,0,
2025-07-13T17:00:00,1777.3,0,
2025-07-13T18:00:00,1697.7,0,
2025-07-13T19:00:00,1680.6,0,
2025-07-13T20:00:00,1430.0,0,
2025-07-13T21:00:00,1366.8,0,
2025-07-13T22:00:00,1229.2,0,
2025-07-13T23:00:00,1112.9,0,
2025-07-14T00:00:00,1459.9,0,
2025-07-14T01:00:00,1238.6,0,
2025-07-14T02:00:00,1270.8,0,
2025-07-14T03:00:00,1238.8,0,
2025-07-14T04:00:00,1151.8,0,
2025-07-14T05:00:00,1323.3,0,
2025-07-14T06:00:00,1493.8,0,
2025-07-14T07:00:00,1779.6,0,
2025-07-14T08:00:00,1887.8,0,
2025-07-14T09:00:00,2088.5,0,
2025-07-14T10:00:00,2309.6,0,
2025-07-14T11:00:00,2791.5,0,
2025-07-14T12:00:00,2873.2,0,
2025-07-14T13:00:00,2982.8,0,
2025-07-14T14:00:00,3155.4,0,
2025-07-14T15:00:00,2986.7,0,
2025-07-14T16:00:00,3266.1,0,
2025-07-14T17:00:00,3069.0,0,
2025-07-14T18:00:00,2920.0,0,
2025-07-14T19:00:00,2587.1,0,
2025-07-14T20:00:00,2453.3,0,
2025-07-14T21:00:00,2047.1,0,
2025-07-14T22:00:00,2005.3,0,
2025-07-14T23:00:00,1743.9,0,
2025-07-15T00:00:00,1290.6,0,
2025-07-15T01:00:00,1198.3,0,
2025-07-15T02:00:00,1272.5,0,
2025-07-15T03:00:00,1245.8,0,
2025-07-15T04:00:00,1208.9,0,
2025-07-15T05:00:00,1362.5,0,
2025-07-15T06:00:00,1405.3,0,
2025-07-15T07:00:00,1800.6,0,
2025-07-15T08:00:00,1881.0,0,
2025-07-15T09:00:00,2225.5,0,
2025-07-15T10:00:00,2475.6,0,
2025-07-15T11:00:00,2654.9,0,
2025-07-15T12:00:00,2774.4,0,
2025-07-15T13:00:00,2967.1,0,
2025-07-15T14:00:00,3316.8,0,
2025-07-15T15:00:00,3185.1,0,
2025-07-15T16:00:00,3179.5,0,
2025-07-15T17:00:00,2988.2,0,
2025-07-15T18:00:00,2866.9,0,
2025-07-15T19:00:00,2594.8,0,
2025-07-15T20:00:00,2482.7,0,
2025-07-15T21:00:00,2252.0,0,
2025-07-15T22:00:00,2039.0,0,
2025-07-15T23:00:00,1588.3,0,
2025-07-16T00:00:00,1450.8,0,
2025-07-16T01:00:00,1317.0,0,
2025-07-16T02:00:00,1241.5,0,
2025-07-16T03:00:00,1227.1,0,
2025-07-16T04:00:00,1136.6,0,
2025-07-16T05:00:00,1327.8,0,
2025-07-16T06:00:00,1515.0,0,
2025-07-16T07:00:00,1619.7,0,
2025-07-16T08:00:00,1910.4,0,
2025-07-16T09:00:00,2147.3,0,
2025-07-16T10:00:00,2266.7,0,
2025-07-16T11:00:00,2416.1,0,
2025-07-16T12:00:00,2654.1,0,
2025-07-16T13:00:00,3044.1,0,
2025-07-16T14:00:00,2880.8,0,
2025-07-16T15:00:00,3029.8,0,
2025-07-16T16:00:00,3517.8,0,
2025-07-16T17:00:00,3101.3,0,
2025-07-16T18:00:00,2718.5,0,
2025-07-16T19:00:00,2737.5,0,
2025-07-16T20:00:00,2385.4,0,
2025-07-16T21:00:00,2210.7,0,
2025-07-16T22:00:00,1904.5,0,
2025-07-16T23:00:00,1707.1,0,
2025-07-17T00:00:00,1406.9,0,
2025-07-17T01:00:00,1484.3,0,
2025-07-17T02:00:00,1239.0,0,
2025-07-17T03:00:00,1225.2,0,
2025-07-17T04:00:00,1329.0,0,
2025-07-17T05:00:00,1300.8,0,
2025-07-17T06:00:00,1591.7,0,
2025-07-17T07:00:00,1752.2,0,
2025-07-17T08:00:00,2086.3,0,
2025-07-17T09:00:00,2389.3,0,
2025-07-17T10:00:00,2552.2,0,
2025-07-17T11:00:00,2694.4,0,
2025-07-17T12:00:00,3044.1,0,
2025-07-17T13:00:00,3109.9,0,
2025-07-17T14:00:00,3214.6,0,
2025-07-17T15:00:00,3572.1,0,
2025-07-17T16:00:00,3114.6,0,
2025-07-17T17:00:00,3100.3,0,
2025-07-17T18:00:00,2759.5,0,
2025-07-17T19:00:00,2679.8,0,
2025-07-17T20:00:00,2619.7,0,
2025-07-17T21:00:00,2166.6,0,
2025-07-17T22:00:00,1826.8,0,
2025-07-17T23:00:00,1678.7,0,
2025-07-18T00:00:00,1540.3,0,
2025-07-18T01:00:00,1174.0,0,
2025-07-18T02:00:00,1225.3,0,
2025-07-18T03:00:00,1280.3,0,
2025-07-18T04:00:00,1442.1,0,
2025-07-18T05:00:00,1451.4,0,
2025-07-18T06:00:00,1551.1,0,
2025-07-18T07:00:00,1571.6,0,
2025-07-18T08:00:00,1963.0,0,
2025-07-18T09:00:00,2189.8,0,
2025-07-18T10:00:00,2262.4,0,
2025-07-18T11:00:00,2735.4,0,
2025-07-18T12:00:00,2744.6,0,
2025-07-18T13:00:00,3104.9,0,
2025-07-18T14:00:00,3058.3,0,
2025-07-18T15:00:00,3507.3,0,
2025-07-18T16:00:00,3017.4,0,
2025-07-18T17:00:00,3059.0,0,
2025-07-18T18:00:00,2852.9,0,
2025-07-18T19:00:00,2555.8,0,
2025-07-18T20:00:00,2480.0,0,
2025-07-18T21:00:00,2316.8,0,
2025-07-18T22:00:00,1899.2,0,
2025-07-18T23:00:00,1728.9,0,
2025-07-19T00:00:00,939.4,0,
2025-07-19T01:00:00,789.7,0,
2025-07-19T02:00:00,850.5,0,
2025-07-19T03:00:00,757.9,0,
2025-07-19T04:00:00,722.9,0,
2025-07-19T05:00:00,817.1,0,
2025-07-19T06:00:00,954.3,0,
2025-07-19T07:00:00,1095.9,0,
2025-07-19T08:00:00,1295.5,0,
2025-07-19T09:00:00,1318.8,0,
2025-07-19T10:00:00,1529.1,0,
2025-07-19T11:00:00,1704.2,0,
2025-07-19T12:00:00,1784.6,0,
2025-07-19T13:00:00,2008.5,0,
2025-07-19T14:00:00,2133.8,0,
2025-07-19T15:00:00,1858.5,0,
2025-07-19T16:00:00,2058.9,0,
2025-07-19T17:00:00,2078.9,0,
2025-07-19T18:00:00,1669.1,0,
2025-07-19T19:00:00,1672.7,0,
2025-07-19T20:00:00,1491.5,0,
2025-07-19T21:00:00,1421.1,0,
2025-07-19T22:00:00,1264.5,0,
2025-07-19T23:00:00,1120.6,0,
2025-07-20T00:00:00,881.7,0,
2025-07-20T01:00:00,797.6,0,
2025-07-20T02:00:00,829.3,0,
2025-07-20T03:00:00,775.7,0,
2025-07-20T04:00:00,809.3,0,
2025-07-20T05:00:00,870.6,0,
2025-07-20T06:00:00,907.1,0,
2025-07-20T07:00:00,933.7,0,
2025-07-20T08:00:00,1269.4,0,
2025-07-20T09:00:00,1374.8,0,
2025-07-20T10:00:00,1525.8,0,
2025-07-20T11:00:00,1864.0,0,
2025-07-20T12:00:00,1812.1,0,
2025-07-20T13:00:00,1790.9,0,
2025-07-20T14:00:00,1941.8,0,
2025-07-20T15:00:00,2139.5,0,
2025-07-20T16:00:00,2038.8,0,
2025-07-20T17:00:00,1947.9,0,
2025-07-20T18:00:00,1753.4,0,
2025-07-20T19:00:00,1725.4,0,
2025-07-20T20:00:00,1447.6,0,
2025-07-20T21:00:00,1301.7,0,
2025-07-20T22:00:00,1319.9,0,
2025-07-20T23:00:00,1007.6,0,
2025-07-21T00:00:00,1529.4,0,
2025-07-21T01:00:00,1297.1,0,
2025-07-21T02:00:00,1301.2,0,
2025-07-21T03:00:00,1197.9,0,
2025-07-21T04:00:00,325.1,1,dip
2025-07-21T05:00:00,342.1,1,dip
2025-07-21T06:00:00,379.3,1,dip
2025-07-21T07:00:00,424.9,1,dip
2025-07-21T08:00:00,513.7,1,dip
2025-07-21T09:00:00,579.1,1,dip
2025-07-21T10:00:00,614.5,1,dip
2025-07-21T11:00:00,673.0,1,dip
2025-07-21T12:00:00,704.6,1,dip
2025-07-21T13:00:00,3099.6,0,
2025-07-21T14:00:00,3377.9,0,
2025-07-21T15:00:00,3484.6,0,
2025-07-21T16:00:00,3148.8,0,
2025-07-21T17:00:00,3195.1,0,
2025-07-21T18:00:00,3017.9,0,
2025-07-21T19:00:00,2487.2,0,
2025-07-21T20:00:00,2583.1,0,
2025-07-21T21:00:00,2218.2,0,
2025-07-21T22:00:00,1761.9,0,
2025-07-21T23:00:00,1753.1,0,
2025-07-22T00:00:00,1537.5,0,
2025-07-22T01:00:00,1312.3,0,
2025-07-22T02:00:00,1170.4,0,
2025-07-22T03:00:00,1309.7,0,
2025-07-22T04:00:00,1297.4,0,
2025-07-22T05:00:00,1317.2,0,
2025-07-22T06:00:00,1640.6,0,
2025-07-22T07:00:00,1821.8,0,
2025-07-22T08:00:00,1934.1,0,
2025-07-22T09:00:00,2291.2,0,
2025-07-22T10:00:00,2426.7,0,
2025-07-22T11:00:00,2602.3,0,
2025-07-22T12:00:00,3149.8,0,
2025-07-22T13:00:00,3001.6,0,
2025-07-22T14:00:00,3183.4,0,
2025-07-22T15:00:00,3302.3,0,
2025-07-22T16:00:00,3097.1,0,
2025-07-22T17:00:00,3234.6,0,
2025-07-22T18:00:00,2970.2,0,
2025-07-22T19:00:00,2950.1,0,
2025-07-22T20:00:00,2364.6,0,
2025-07-22T21:00:00,2223.1,0,
2025-07-22T22:00:00,2044.6,0,
2025-07-22T23:00:00,1576.7,0,
2025-07-23T00:00:00,1457.9,0,
2025-07-23T01:00:00,1371.7,0,
2025-07-23T02:00:00,1318.2,0,
2025-07-23T03:00:00,1151.8,0,
2025-07-23T04:00:00,1338.8,0,
2025-07-23T05:00:00,1211.6,0,
2025-07-23T06:00:00,1495.8,0,
2025-07-23T07:00:00,1586.2,0,
2025-07-23T08:00:00,2073.5,0,
2025-07-23T09:00:00,2264.8,0,
2025-07-23T10:00:00,2689.4,0,
2025-07-23T11:00:00,3024.6,0,
2025-07-23T12:00:00,2824.9,0,
2025-07-23T13:00:00,3214.2,0,
2025-07-23T14:00:00,3063.3,0,
2025-07-23T15:00:00,3100.5,0,
2025-07-23T16:00:00,3204.5,0,
2025-07-23T17:00:00,3101.7,0,
2025-07-23T18:00:00,3104.1,0,
2025-07-23T19:00:00,2556.7,0,
2025-07-23T20:00:00,2310.4,0,
2025-07-23T21:00:00,2319.3,0,
2025-07-23T22:00:00,2035.9,0,
2025-07-23T23:00:00,1826.8,0,
2025-07-24T00:00:00,1517.3,0,
2025-07-24T01:00:00,1288.8,0,
2025-07-24T02:00:00,1266.3,0,
2025-07-24T03:00:00,1297.2,0,
2025-07-24T04:00:00,1258.3,0,
2025-07-24T05:00:00,1343.9,0,
2025-07-24T06:00:00,1659.9,0,
2025-07-24T07:00:00,1876.7,0,
2025-07-24T08:00:00,1944.2,0,
2025-07-24T09:00:00,2188.7,0,
2025-07-24T10:00:00,2526.5,0,
2025-07-24T11:00:00,2517.3,0,
2025-07-24T12:00:00,2842.7,0,
2025-07-24T13:00:00,3396.8,0,
2025-07-24T14:00:00,3169.3,0,
2025-07-24T15:00:00,3244.3,0,
2025-07-24T16:00:00,3416.7,0,
2025-07-24T17:00:00,3007.1,0,
2025-07-24T18:00:00,3017.4,0,
2025-07-24T19:00:00,2627.1,0,
2025-07-24T20:00:00,2656.3,0,
2025-07-24T21:00:00,2178.1,0,
2025-07-24T22:00:00,1948.5,0,
2025-07-24T23:00:00,1765.3,0,
2025-07-25T00:00:00,1600.5,0,
2025-07-25T01:00:00,1427.8,0,
2025-07-25T02:00:00,1318.8,0,
2025-07-25T03:00:00,1296.0,0,
2025-07-25T04:00:00,1370.8,0,
2025-07-25T05:00:00,1469.9,0,
2025-07-25T06:00:00,1571.0,0,
2025-07-25T07:00:00,1727.1,0,
2025-07-25T08:00:00,2058.1,0,
2025-07-25T09:00:00,2091.4,0,
2025-07-25T10:00:00,2178.5,0,
2025-07-25T11:00:00,2599.0,0,
2025-07-25T12:00:00,2986.1,0,
2025-07-25T13:00:00,3189.0,0,
2025-07-25T14:00:00,3402.6,0,
2025-07-25T15:00:00,3094.6,0,
2025-07-25T16:00:00,3121.7,0,
2025-07-25T17:00:00,3447.5,0,
2025-07-25T18:00:00,3190.3,0,
2025-07-25T19:00:00,2703.0,0,
2025-07-25T20:00:00,2665.7,0,
2025-07-25T21:00:00,2432.3,0,
2025-07-25T22:00:00,1880.1,0,
2025-07-25T23:00:00,1737.1,0,
2025-07-26T00:00:00,879.0,0,
2025-07-26T01:00:00,856.0,0,
2025-07-26T02:00:00,691.4,0,
2025-07-26T03:00:00,815.3,0,
2025-07-26T04:00:00,810.0,0,
2025-07-26T05:00:00,867.5,0,
2025-07-26T06:00:00,873.0,0,
2025-07-26T07:00:00,1109.7,0,
2025-07-26T08:00:00,1154.0,0,
2025-07-26T09:00:00,1410.6,0,
2025-07-26T10:00:00,1653.5,0,
2025-07-26T11:00:00,1834.1,0,
2025-07-26T12:00:00,1884.6,0,
2025-07-26T13:00:00,1909.8,0,
2025-07-26T14:00:00,2008.8,0,
2025-07-26T15:00:00,2303.5,0,
2025-07-26T16:00:00,1893.9,0,
2025-07-26T17:00:00,1927.6,0,
2025-07-26T18:00:00,1847.5,0,
2025-07-26T19:00:00,1730.1,0,
2025-07-26T20:00:00,1705.4,0,
2025-07-26T21:00:00,1480.2,0,
2025-07-26T22:00:00,1267.7,0,
2025-07-26T23:00:00,1002.9,0,
2025-07-27T00:00:00,966.3,0,
2025-07-27T01:00:00,898.0,0,
2025-07-27T02:00:00,812.7,0,
2025-07-27T03:00:00,840.0,0,
2025-07-27T04:00:00,782.0,0,
2025-07-27T05:00:00,860.2,0,
2025-07-27T06:00:00,935.7,0,
2025-07-27T07:00:00,1114.6,0,
2025-07-27T08:00:00,1240.6,0,
2025-07-27T09:00:00,1407.4,0,
2025-07-27T10:00:00,1557.4,0,
2025-07-27T11:00:00,1801.7,0,
2025-07-27T12:00:00,1825.3,0,
2025-07-27T13:00:00,1940.6,0,
2025-07-27T14:00:00,2060.5,0,
2025-07-27T15:00:00,2242.8,0,
2025-07-27T16:00:00,2124.3,0,
2025-07-27T17:00:00,2028.1,0,
2025-07-27T18:00:00,1830.1,0,
2025-07-27T19:00:00,1713.3,0,
2025-07-27T20:00:00,1491.4,0,
2025-07-27T21:00:00,1423.6,0,
2025-07-27T22:00:00,1267.3,0,
2025-07-27T23:00:00,929.7,0,
2025-07-28T00:00:00,1534.7,0,
2025-07-28T01:00:00,1334.2,0,
2025-07-28T02:00:00,1206.4,0,
2025-07-28T03:00:00,1308.4,0,
2025-07-28T04:00:00,1301.6,0,
2025-07-28T05:00:00,1448.5,0,
2025-07-28T06:00:00,1541.9,0,
2025-07-28T07:00:00,1783.5,0,
2025-07-28T08:00:00,1930.5,0,
2025-07-28T09:00:00,2417.1,0,
2025-07-28T10:00:00,2501.9,0,
2025-07-28T11:00:00,2866.0,0,
2025-07-28T12:00:00,2747.9,0,
2025-07-28T13:00:00,3253.5,0,
2025-07-28T14:00:00,3117.7,0,
2025-07-28T15:00:00,3305.9,0,
2025-07-28T16:00:00,3324.3,0,
2025-07-28T17:00:00,2964.0,0,
2025-07-28T18:00:00,2995.7,0,
2025-07-28T19:00:00,2895.8,0,
2025-07-28T20:00:00,2588.2,0,
2025-07-28T21:00:00,2416.8,0,
2025-07-28T22:00:00,2186.5,0,
2025-07-28T23:00:00,1718.0,0,
2025-07-29T00:00:00,1597.6,0,
2025-07-29T01:00:00,1361.8,0,
2025-07-29T02:00:00,1282.8,0,
2025-07-29T03:00:00,1279.0,0,
2025-07-29T04:00:00,1234.2,0,
2025-07-29T05:00:00,1458.2,0,
2025-07-29T06:00:00,1565.3,0,
2025-07-29T07:00:00,1713.4,0,
2025-07-29T08:00:00,2122.1,0,
2025-07-29T09:00:00,2417.4,0,
2025-07-29T10:00:00,2694.9,0,
2025-07-29T11:00:00,2622.4,0,
2025-07-29T12:00:00,3158.3,0,
2025-07-29T13:00:00,3720.9,0,
2025-07-29T14:00:00,2973.2,0,
2025-07-29T15:00:00,3583.6,0,
2025-07-29T16:00:00,3069.2,0,
2025-07-29T17:00:00,2974.3,0,
2025-07-29T18:00:00,2962.8,0,
2025-07-29T19:00:00,3044.7,0,
2025-07-29T20:00:00,2489.4,0,
2025-07-29T21:00:00,2095.5,0,
2025-07-29T22:00:00,1938.2,0,
2025-07-29T23:00:00,1828.1,0,
2025-07-30T00:00:00,1560.1,0,
2025-07-30T01:00:00,1415.5,0,
2025-07-30T02:00:00,1249.5,0,
2025-07-30T03:00:00,1405.0,0,
2025-07-30T04:00:00,1270.8,0,
2025-07-30T05:00:00,1301.9,0,
2025-07-30T06:00:00,1615.0,0,
2025-07-30T07:00:00,1786.4,0,
2025-07-30T08:00:00,1967.2,0,
2025-07-30T09:00:00,2291.2,0,
2025-07-30T10:00:00,2802.1,0,
2025-07-30T11:00:00,2618.6,0,
2025-07-30T12:00:00,2949.3,0,
2025-07-30T13:00:00,3126.0,0,
2025-07-30T14:00:00,3240.5,0,
2025-07-30T15:00:00,3466.5,0,
2025-07-30T16:00:00,3127.5,0,
2025-07-30T17:00:00,3317.7,0,
2025-07-30T18:00:00,3153.2,0,
2025-07-30T19:00:00,2828.8,0,
2025-07-30T20:00:00,2625.7,0,
2025-07-30T21:00:00,2374.3,0,
2025-07-30T22:00:00,1902.6,0,
2025-07-30T23:00:00,1803.2,0,
2025-07-31T00:00:00,1744.1,0,
2025-07-31T01:00:00,1352.0,0,
2025-07-31T02:00:00,1433.0,0,
2025-07-31T03:00:00,1216.4,0,
2025-07-31T04:00:00,1364.2,0,
2025-07-31T05:00:00,1462.4,0,
2025-07-31T06:00:00,1534.9,0,
2025-07-31T07:00:00,1581.5,0,
2025-07-31T08:00:00,2263.9,0,
2025-07-31T09:00:00,2276.5,0,
2025-07-31T10:00:00,2733.6,0,
2025-07-31T11:00:00,2766.6,0,
2025-07-31T12:00:00,2948.7,0,
2025-07-31T13:00:00,3136.8,0,
2025-07-31T14:00:00,3586.9,0,
2025-07-31T15:00:00,3260.7,0,
2025-07-31T16:00:00,3312.4,0,
2025-07-31T17:00:00,3040.0,0,
2025-07-31T18:00:00,3234.0,0,
2025-07-31T19:00:00,2590.6,0,
2025-07-31T20:00:00,2682.3,0,
2025-07-31T21:00:00,2296.5,0,
2025-07-31T22:00:00,2210.3,0,
2025-07-31T23:00:00,1933.2,0,
2025-08-01T00:00:00,1611.2,0,
2025-08-01T01:00:00,1439.6,0,
2025-08-01T02:00:00,1291.3,0,
2025-08-01T03:00:00,1306.4,0,
2025-08-01T04:00:00,1321.6,0,
2025-08-01T05:00:00,1410.0,0,
2025-08-01T06:00:00,1705.6,0,
2025-08-01T07:00:00,1808.8,0,
2025-08-01T08:00:00,2124.6,0,
2025-08-01T09:00:00,2349.1,0,
2025-08-01T10:00:00,2740.6,0,
2025-08-01T11:00:00,2921.3,0,
2025-08-01T12:00:00,2763.9,0,
2025-08-01T13:00:00,3413.7,0,
2025-08-01T14:00:00,3192.2,0,
2025-08-01T15:00:00,3436.4,0,
2025-08-01T16:00:00,3228.8,0,
2025-08-01T17:00:00,3207.8,0,
2025-08-01T18:00:00,3100.9,0,
2025-08-01T19:00:00,2894.2,0,
2025-08-01T20:00:00,2711.7,0,
2025-08-01T21:00:00,2287.0,0,
2025-08-01T22:00:00,2033.5,0,
2025-08-01T23:00:00,2045.0,0,
2025-08-02T00:00:00,958.1,0,
2025-08-02T01:00:00,839.0,0,
2025-08-02T02:00:00,759.7,0,
2025-08-02T03:00:00,786.2,0,
2025-08-02T04:00:00,779.2,0,
2025-08-02T05:00:00,853.5,0,
2025-08-02T06:00:00,934.4,0,
2025-08-02T07:00:00,1065.1,0,
2025-08-02T08:00:00,1201.2,0,
2025-08-02T09:00:00,1412.3,0,
2025-08-02T10:00:00,1453.3,0,
2025-08-02T11:00:00,1801.5,0,
2025-08-02T12:00:00,1891.8,0,
2025-08-02T13:00:00,2091.1,0,
2025-08-02T14:00:00,2051.0,0,
2025-08-02T15:00:00,2321.8,0,
2025-08-02T16:00:00,1927.3,0,
2025-08-02T17:00:00,2023.3,0,
2025-08-02T18:00:00,2037.9,0,
2025-08-02T19:00:00,1852.2,0,
2025-08-02T20:00:00,1484.2,0,
2025-08-02T21:00:00,1288.0,0,
2025-08-02T22:00:00,1279.4,0,
2025-08-02T23:00:00,990.6,0,
2025-08-03T00:00:00,1006.4,0,
2025-08-03T01:00:00,946.9,0,
2025-08-03T02:00:00,838.9,0,
2025-08-03T03:00:00,771.8,0,
2025-08-03T04:00:00,820.4,0,
2025-08-03T05:00:00,840.0,0,
2025-08-03T06:00:00,921.1,0,
2025-08-03T07:00:00,1175.1,0,
2025-08-03T08:00:00,1321.5,0,
2025-08-03T09:00:00,1235.5,0,
2025-08-03T10:00:00,1683.1,0,
2025-08-03T11:00:00,1772.9,0,
2025-08-03T12:00:00,1908.0,0,
2025-08-03T13:00:00,2069.4,0,
2025-08-03T14:00:00,2181.1,0,
2025-08-03T15:00:00,2058.8,0,
2025-08-03T16:00:00,2012.1,0,
2025-08-03T17:00:00,1920.0,0,
2025-08-03T18:00:00,1913.2,0,
2025-08-03T19:00:00,1764.4,0,
2025-08-03T20:00:00,1670.9,0,
2025-08-03T21:00:00,1438.4,0,
2025-08-03T22:00:00,1366.0,0,
2025-08-03T23:00:00,1223.3,0,
2025-08-04T00:00:00,1519.9,0,
2025-08-04T01:00:00,1425.0,0,
2025-08-04T02:00:00,1265.7,0,
2025-08-04T03:00:00,1330.0,0,
2025-08-04T04:00:00,1371.3,0,
2025-08-04T05:00:00,1311.8,0,
2025-08-04T06:00:00,1522.6,0,
2025-08-04T07:00:00,1726.9,0,
2025-08-04T08:00:00,2418.8,1,variance
2025-08-04T09:00:00,1925.1,1,variance
2025-08-04T10:00:00,3126.4,1,variance
2025-08-04T11:00:00,2896.5,1,variance
2025-08-04T12:00:00,3034.9,1,variance
2025-08-04T13:00:00,3263.8,1,variance
2025-08-04T14:00:00,2555.5,1,variance
2025-08-04T15:00:00,3766.1,1,variance
2025-08-04T16:00:00,3954.1,1,variance
2025-08-04T17:00:00,3507.5,1,variance
2025-08-04T18:00:00,2608.0,1,variance
2025-08-04T19:00:00,2559.8,1,variance
2025-08-04T20:00:00,2018.7,1,variance
2025-08-04T21:00:00,2576.6,1,variance
2025-08-04T22:00:00,2117.4,0,
2025-08-04T23:00:00,1896.8,0,
2025-08-05T00:00:00,1629.1,0,
2025-08-05T01:00:00,1364.2,0,
2025-08-05T02:00:00,1337.1,0,
2025-08-05T03:00:00,1254.8,0,
2025-08-05T04:00:00,1371.0,0,
2025-08-05T05:00:00,1383.9,0,
2025-08-05T06:00:00,1654.4,0,
2025-08-05T07:00:00,1704.9,0,
2025-08-05T08:00:00,2088.7,0,
2025-08-05T09:00:00,2469.0,0,
2025-08-05T10:00:00,2432.3,0,
2025-08-05T11:00:00,2575.4,0,
2025-08-05T12:00:00,3189.4,0,
2025-08-05T13:00:00,3079.1,0,
2025-08-05T14:00:00,3628.5,0,
2025-08-05T15:00:00,3432.6,0,
2025-08-05T16:00:00,3190.4,0,
2025-08-05T17:00:00,3386.3,0,
2025-08-05T18:00:00,3048.4,0,
2025-08-05T19:00:00,3122.3,0,
2025-08-05T20:00:00,2430.6,0,
2025-08-05T21:00:00,2408.8,0,
2025-08-05T22:00:00,2197.7,0,
2025-08-05T23:00:00,1631.2,0,
2025-08-06T00:00:00,1573.8,0,
2025-08-06T01:00:00,1463.6,0,
2025-08-06T02:00:00,1484.6,0,
2025-08-06T03:00:00,1295.0,0,
2025-08-06T04:00:00,1310.6,0,
2025-08-06T05:00:00,1385.4,0,
2025-08-06T06:00:00,1368.3,0,
2025-08-06T07:00:00,1752.3,0,
2025-08-06T08:00:00,1945.2,0,
2025-08-06T09:00:00,2330.6,0,
2025-08-06T10:00:00,2396.7,0,
2025-08-06T11:00:00,3115.4,0,
2025-08-06T12:00:00,2961.9,0,
2025-08-06T13:00:00,3237.9,0,
2025-08-06T14:00:00,3520.8,0,
2025-08-06T15:00:00,3461.9,0,
2025-08-06T16:00:00,3292.0,0,
2025-08-06T17:00:00,3333.0,0,
2025-08-06T18:00:00,3185.2,0,
2025-08-06T19:00:00,3151.2,0,
2025-08-06T20:00:00,2549.9,0,
2025-08-06T21:00:00,2416.3,0,
2025-08-06T22:00:00,2111.7,0,
2025-08-06T23:00:00,1910.5,0,
2025-08-07T00:00:00,1614.1,0,
2025-08-07T01:00:00,1460.2,0,
2025-08-07T02:00:00,1353.3,0,
2025-08-07T03:00:00,1307.4,0,
2025-08-07T04:00:00,1445.0,0,
2025-08-07T05:00:00,1363.2,0,
2025-08-07T06:00:00,1592.4,0,
2025-08-07T07:00:00,1752.6,0,
2025-08-07T08:00:00,2084.9,0,
2025-08-07T09:00:00,2444.5,0,
2025-08-07T10:00:00,2721.4,0,
2025-08-07T11:00:00,2789.9,0,
2025-08-07T12:00:00,2940.0,0,
2025-08-07T13:00:00,3274.8,0,
2025-08-07T14:00:00,3551.1,0,
2025-08-07T15:00:00,3445.1,0,
2025-08-07T16:00:00,3348.0,0,
2025-08-07T17:00:00,3439.6,0,
2025-08-07T18:00:00,2891.3,0,
2025-08-07T19:00:00,2805.2,0,
2025-08-07T20:00:00,2651.6,0,
2025-08-07T21:00:00,2531.3,0,
2025-08-07T22:00:00,2199.8,0,
2025-08-07T23:00:00,1777.7,0,
2025-08-08T00:00:00,1681.0,0,
2025-08-08T01:00:00,1286.6,0,
2025-08-08T02:00:00,1264.9,0,
2025-08-08T03:00:00,1403.3,0,
2025-08-08T04:00:00,1395.5,0,
2025-08-08T05:00:00,1410.4,0,
2025-08-08T06:00:00,1757.9,0,
2025-08-08T07:00:00,1882.7,0,
2025-08-08T08:00:00,2186.6,0,
2025-08-08T09:00:00,2186.4,0,
2025-08-08T10:00:00,2703.8,0,
2025-08-08T11:00:00,2878.9,0,
2025-08-08T12:00:00,3236.9,0,
2025-08-08T13:00:00,3126.3,0,
2025-08-08T14:00:00,3339.2,0,
2025-08-08T15:00:00,3320.2,0,
2025-08-08T16:00:00,3520.7,0,
2025-08-08T17:00:00,3408.0,0,
2025-08-08T18:00:00,3155.0,0,
2025-08-08T19:00:00,2763.2,0,
2025-08-08T20:00:00,2754.4,0,
2025-08-08T21:00:00,2393.9,0,
2025-08-08T22:00:00,1967.6,0,
2025-08-08T23:00:00,1780.6,0,
2025-08-09T00:00:00,966.1,0,
2025-08-09T01:00:00,838.8,0,
2025-08-09T02:00:00,849.8,0,
2025-08-09T03:00:00,819.0,0,
2025-08-09T04:00:00,883.2,0,
2025-08-09T05:00:00,951.3,0,
2025-08-09T06:00:00,1003.3,0,
2025-08-09T07:00:00,1159.5,0,
2025-08-09T08:00:00,1340.0,0,
2025-08-09T09:00:00,1460.7,0,
2025-08-09T10:00:00,1516.8,0,
2025-08-09T11:00:00,1803.7,0,
2025-08-09T12:00:00,1934.7,0,
2025-08-09T13:00:00,2047.1,0,
2025-08-09T14:00:00,2101.0,0,
2025-08-09T15:00:00,2180.1,0,
2025-08-09T16:00:00,2130.0,0,
2025-08-09T17:00:00,2094.3,0,
2025-08-09T18:00:00,1924.8,0,
2025-08-09T19:00:00,1770.9,0,
2025-08-09T20:00:00,1623.6,0,
2025-08-09T21:00:00,1430.6,0,
2025-08-09T22:00:00,1313.7,0,
2025-08-09T23:00:00,1228.9,0,
2025-08-10T00:00:00,997.8,0,
2025-08-10T01:00:00,881.6,0,
2025-08-10T02:00:00,842.2,0,
2025-08-10T03:00:00,792.7,0,
2025-08-10T04:00:00,889.6,0,
2025-08-10T05:00:00,990.4,0,
2025-08-10T06:00:00,1065.4,0,
2025-08-10T07:00:00,1189.0,0,
2025-08-10T08:00:00,1464.5,0,
2025-08-10T09:00:00,1397.5,0,
2025-08-10T10:00:00,1630.8,0,
2025-08-10T11:00:00,1971.9,0,
2025-08-10T12:00:00,2111.8,0,
2025-08-10T13:00:00,2117.2,0,
2025-08-10T14:00:00,2420.8,0,
2025-08-10T15:00:00,2303.2,0,
2025-08-10T16:00:00,2055.7,0,
2025-08-10T17:00:00,2276.1,0,
2025-08-10T18:00:00,1983.9,0,
2025-08-10T19:00:00,1819.7,0,
2025-08-10T20:00:00,1540.5,0,
2025-08-10T21:00:00,1472.6,0,
2025-08-10T22:00:00,1140.9,0,
2025-08-10T23:00:00,1179.2,0,
2025-08-11T00:00:00,1676.7,0,
2025-08-11T01:00:00,1445.1,0,
2025-08-11T02:00:00,1361.0,0,
2025-08-11T03:00:00,1289.9,0,
2025-08-11T04:00:00,1439.0,0,
2025-08-11T05:00:00,1398.7,0,
2025-08-11T06:00:00,1638.1,0,
2025-08-11T07:00:00,1885.5,0,
2025-08-11T08:00:00,2342.7,0,
2025-08-11T09:00:00,2199.1,0,
2025-08-11T10:00:00,2765.4,0,
2025-08-11T11:00:00,2970.4,0,
2025-08-11T12:00:00,3134.0,0,
2025-08-11T13:00:00,3360.4,0,
2025-08-11T14:00:00,3571.6,0,
2025-08-11T15:00:00,3653.7,0,
2025-08-11T16:00:00,3417.2,0,
2025-08-11T17:00:00,3735.8,0,
2025-08-11T18:00:00,3158.1,0,
2025-08-11T19:00:00,3222.1,0,
2025-08-11T20:00:00,2723.5,0,
2025-08-11T21:00:00,2410.2,0,
2025-08-11T22:00:00,2055.5,0,
2025-08-11T23:00:00,1717.7,0,
2025-08-12T00:00:00,1589.0,0,
2025-08-12T01:00:00,1609.4,0,
2025-08-12T02:00:00,1322.9,0,
2025-08-12T03:00:00,1359.9,0,
2025-08-12T04:00:00,1467.8,0,
2025-08-12T05:00:00,1439.9,0,
2025-08-12T06:00:00,1756.4,0,
2025-08-12T07:00:00,1822.5,0,
2025-08-12T08:00:00,1978.6,0,
2025-08-12T09:00:00,2339.3,0,
2025-08-12T10:00:00,2513.7,0,
2025-08-12T11:00:00,3343.4,0,
2025-08-12T12:00:00,3490.5,0,
2025-08-12T13:00:00,3467.4,0,
2025-08-12T14:00:00,3488.5,0,
2025-08-12T15:00:00,3493.9,0,
2025-08-12T16:00:00,3546.1,0,
2025-08-12T17:00:00,3266.6,0,
2025-08-12T18:00:00,3037.1,0,
2025-08-12T19:00:00,2985.5,0,
2025-08-12T20:00:00,2820.5,0,
2025-08-12T21:00:00,2493.8,0,
2025-08-12T22:00:00,2254.1,0,
2025-08-12T23:00:00,1837.1,0,
2025-08-13T00:00:00,1549.9,0,
2025-08-13T01:00:00,1517.7,0,
2025-08-13T02:00:00,1415.0,0,
2025-08-13T03:00:00,1403.3,0,
2025-08-13T04:00:00,1276.7,0,
2025-08-13T05:00:00,1507.1,0,
2025-08-13T06:00:00,1896.4,0,
2025-08-13T07:00:00,1866.6,0,
2025-08-13T08:00:00,2158.7,0,
2025-08-13T09:00:00,2299.3,0,
2025-08-13T10:00:00,2875.8,0,
2025-08-13T11:00:00,2865.1,0,
2025-08-13T12:00:00,3162.9,0,
2025-08-13T13:00:00,3296.4,0,
2025-08-13T14:00:00,3372.6,0,
2025-08-13T15:00:00,3383.5,0,
2025-08-13T16:00:00,3486.6,0,
2025-08-13T17:00:00,3236.1,0,
2025-08-13T18:00:00,3277.2,0,
2025-08-13T19:00:00,3136.4,0,
2025-08-13T20:00:00,2611.7,0,
2025-08-13T21:00:00,2499.8,0,
2025-08-13T22:00:00,2168.3,0,
2025-08-13T23:00:00,1871.6,0,
2025-08-14T00:00:00,1745.0,0,
2025-08-14T01:00:00,1356.0,0,
2025-08-14T02:00:00,1321.8,0,
2025-08-14T03:00:00,1340.7,0,
2025-08-14T04:00:00,1252.6,0,
2025-08-14T05:00:00,1527.5,0,
2025-08-14T06:00:00,1809.5,0,
2025-08-14T07:00:00,1882.4,0,
2025-08-14T08:00:00,2104.6,0,
2025-08-14T09:00:00,2288.9,0,
2025-08-14T10:00:00,2853.0,0,
2025-08-14T11:00:00,2966.7,0,
2025-08-14T12:00:00,3159.7,0,
2025-08-14T13:00:00,3498.6,0,
2025-08-14T14:00:00,3348.2,0,
2025-08-14T15:00:00,3553.1,0,
2025-08-14T16:00:00,3674.1,0,
2025-08-14T17:00:00,3302.5,0,
2025-08-14T18:00:00,3224.0,0,
2025-08-14T19:00:00,2967.4,0,
2025-08-14T20:00:00,2728.7,0,
2025-08-14T21:00:00,2447.9,0,
2025-08-14T22:00:00,2181.5,0,
2025-08-14T23:00:00,2113.0,0,
2025-08-15T00:00:00,1696.9,0,
2025-08-15T01:00:00,1454.5,0,
2025-08-15T02:00:00,1343.6,0,
2025-08-15T03:00:00,1359.3,0,
2025-08-15T04:00:00,1474.8,0,
2025-08-15T05:00:00,1460.5,0,
2025-08-15T06:00:00,1737.2,0,
2025-08-15T07:00:00,2012.3,0,
2025-08-15T08:00:00,2156.2,0,
2025-08-15T09:00:00,2466.3,0,
2025-08-15T10:00:00,2715.4,0,
2025-08-15T11:00:00,2675.8,0,
2025-08-15T12:00:00,3056.3,0,
2025-08-15T13:00:00,3470.7,0,
2025-08-15T14:00:00,3710.2,0,
2025-08-15T15:00:00,3537.9,0,
2025-08-15T16:00:00,3206.1,0,
2025-08-15T17:00:00,3465.8,0,
2025-08-15T18:00:00,3286.2,0,
2025-08-15T19:00:00,2769.8,0,
2025-08-15T20:00:00,2693.5,0,
2025-08-15T21:00:00,2448.8,0,
2025-08-15T22:00:00,2063.3,0,
2025-08-15T23:00:00,1830.4,0,
2025-08-16T00:00:00,999.0,0,
2025-08-16T01:00:00,990.1,0,
2025-08-16T02:00:00,824.3,0,
2025-08-16T03:00:00,852.6,0,
2025-08-16T04:00:00,871.1,0,
2025-08-16T05:00:00,897.1,0,
2025-08-16T06:00:00,1103.2,0,
2025-08-16T07:00:00,1189.5,0,
2025-08-16T08:00:00,1375.2,0,
2025-08-16T09:00:00,1396.1,0,
2025-08-16T10:00:00,1791.3,0,
2025-08-16T11:00:00,1739.7,0,
2025-08-16T12:00:00,2140.5,0,
2025-08-16T13:00:00,1924.9,0,
2025-08-16T14:00:00,2079.6,0,
2025-08-16T15:00:00,2336.7,0,
2025-08-16T16:00:00,2019.9,0,
2025-08-16T17:00:00,2216.1,0,
2025-08-16T18:00:00,2035.4,0,
2025-08-16T19:00:00,1942.2,0,
2025-08-16T20:00:00,1693.3,0,
2025-08-16T21:00:00,1422.4,0,
2025-08-16T22:00:00,1440.0,0,
2025-08-16T23:00:00,1223.6,0,
2025-08-17T00:00:00,1078.2,0,
2025-08-17T01:00:00,958.3,0,
2025-08-17T02:00:00,879.6,0,
2025-08-17T03:00:00,846.1,0,
2025-08-17T04:00:00,891.5,0,
2025-08-17T05:00:00,893.8,0,
2025-08-17T06:00:00,1074.8,0,
2025-08-17T07:00:00,1225.0,0,
2025-08-17T08:00:00,1448.6,0,
2025-08-17T09:00:00,1550.0,0,
2025-08-17T10:00:00,1676.5,0,
2025-08-17T11:00:00,2029.9,0,
2025-08-17T12:00:00,1953.5,0,
2025-08-17T13:00:00,1994.3,0,
2025-08-17T14:00:00,2196.4,0,
2025-08-17T15:00:00,2212.1,0,
2025-08-17T16:00:00,2131.0,0,
2025-08-17T17:00:00,2228.8,0,
2025-08-17T18:00:00,1839.1,0,
2025-08-17T19:00:00,1903.0,0,
2025-08-17T20:00:00,1656.7,0,
2025-08-17T21:00:00,1545.9,0,
2025-08-17T22:00:00,1382.6,0,
2025-08-17T23:00:00,1179.6,0,
2025-08-18T00:00:00,1627.5,0,
2025-08-18T01:00:00,1542.2,0,
2025-08-18T02:00:00,1443.1,0,
2025-08-18T03:00:00,1312.9,0,
2025-08-18T04:00:00,1474.4,0,
2025-08-18T05:00:00,1563.2,0,
2025-08-18T06:00:00,1798.3,0,
2025-08-18T07:00:00,1892.0,0,
2025-08-18T08:00:00,2223.1,0,
2025-08-18T09:00:00,2490.6,0,
2025-08-18T10:00:00,2702.5,0,
2025-08-18T11:00:00,3264.0,0,
2025-08-18T12:00:00,3269.4,0,
2025-08-18T13:00:00,3452.7,0,
2025-08-18T14:00:00,3440.2,0,
2025-08-18T15:00:00,3665.1,0,
2025-08-18T16:00:00,3719.6,0,
2025-08-18T17:00:00,3449.1,0,
2025-08-18T18:00:00,3297.0,0,
2025-08-18T19:00:00,3443.9,0,
2025-08-18T20:00:00,2791.0,0,
2025-08-18T21:00:00,2450.1,0,
2025-08-18T22:00:00,2219.4,0,
2025-08-18T23:00:00,1790.5,0,
2025-08-19T00:00:00,1717.5,0,
2025-08-19T01:00:00,1631.9,0,
2025-08-19T02:00:00,1360.1,0,
2025-08-19T03:00:00,1340.9,0,
2025-08-19T04:00:00,1377.1,0,
2025-08-19T05:00:00,1439.3,0,
2025-08-19T06:00:00,1752.1,0,
2025-08-19T07:00:00,2071.9,0,
2025-08-19T08:00:00,2206.7,0,
2025-08-19T09:00:00,2330.4,0,
2025-08-19T10:00:00,2805.0,0,
2025-08-19T11:00:00,3085.8,0,
2025-08-19T12:00:00,3373.1,0,
2025-08-19T13:00:00,3503.3,0,
2025-08-19T14:00:00,3238.1,0,
2025-08-19T15:00:00,3484.1,0,
2025-08-19T16:00:00,3432.8,0,
2025-08-19T17:00:00,3602.3,0,
2025-08-19T18:00:00,3501.4,0,
2025-08-19T19:00:00,3067.4,0,
2025-08-19T20:00:00,2818.6,0,
2025-08-19T21:00:00,2479.6,0,
2025-08-19T22:00:00,2147.6,0,
2025-08-19T23:00:00,1985.9,0,
2025-08-20T00:00:00,1622.8,0,
2025-08-20T01:00:00,1456.2,0,
2025-08-20T02:00:00,1453.3,0,
2025-08-20T03:00:00,1311.1,0,
2025-08-20T04:00:00,2285.3,1,level_shift
2025-08-20T05:00:00,2361.6,1,level_shift
2025-08-20T06:00:00,2488.2,1,level_shift
2025-08-20T07:00:00,2607.5,1,level_shift
2025-08-20T08:00:00,3549.0,1,level_shift
2025-08-20T09:00:00,4052.5,1,level_shift
2025-08-20T10:00:00,4571.7,1,level_shift
2025-08-20T11:00:00,4553.8,1,level_shift
2025-08-20T12:00:00,5250.1,1,level_shift
2025-08-20T13:00:00,5198.0,1,level_shift
2025-08-20T14:00:00,6234.4,1,level_shift
2025-08-20T15:00:00,6163.5,1,level_shift
2025-08-20T16:00:00,5718.9,1,level_shift
2025-08-20T17:00:00,5539.8,1,level_shift
2025-08-20T18:00:00,5434.0,1,level_shift
2025-08-20T19:00:00,4893.2,1,level_shift
2025-08-20T20:00:00,4477.3,1,level_shift
2025-08-20T21:00:00,4077.4,1,level_shift
2025-08-20T22:00:00,3717.5,1,level_shift
2025-08-20T23:00:00,3412.8,1,level_shift
2025-08-21T00:00:00,2599.1,1,level_shift
2025-08-21T01:00:00,2353.8,1,level_shift
2025-08-21T02:00:00,2004.6,1,level_shift
2025-08-21T03:00:00,2260.0,1,level_shift
2025-08-21T04:00:00,2268.2,1,level_shift
2025-08-21T05:00:00,2534.5,1,level_shift
2025-08-21T06:00:00,2638.8,1,level_shift
2025-08-21T07:00:00,2976.4,1,level_shift
2025-08-21T08:00:00,3767.9,1,level_shift
2025-08-21T09:00:00,4112.6,1,level_shift
2025-08-21T10:00:00,4467.4,1,level_shift
2025-08-21T11:00:00,4775.5,1,level_shift
2025-08-21T12:00:00,5240.4,1,level_shift
2025-08-21T13:00:00,5704.9,1,level_shift
2025-08-21T14:00:00,5403.2,1,level_shift
2025-08-21T15:00:00,5556.1,1,level_shift
2025-08-21T16:00:00,6180.1,1,level_shift
2025-08-21T17:00:00,5129.7,1,level_shift
2025-08-21T18:00:00,5700.0,1,level_shift
2025-08-21T19:00:00,4990.6,1,level_shift
2025-08-21T20:00:00,2892.8,0,
2025-08-21T21:00:00,2566.6,0,
2025-08-21T22:00:00,2200.0,0,
2025-08-21T23:00:00,1918.9,0,
2025-08-22T00:00:00,1773.2,0,
2025-08-22T01:00:00,1503.6,0,
2025-08-22T02:00:00,1405.2,0,
2025-08-22T03:00:00,1359.3,0,
2025-08-22T04:00:00,1479.4,0,
2025-08-22T05:00:00,1579.3,0,
2025-08-22T06:00:00,1697.8,0,
2025-08-22T07:00:00,1784.0,0,
2025-08-22T08:00:00,2104.9,0,
2025-08-22T09:00:00,2219.3,0,
2025-08-22T10:00:00,3081.0,0,
2025-08-22T11:00:00,3111.4,0,
2025-08-22T12:00:00,3495.3,0,
2025-08-22T13:00:00,3485.4,0,
2025-08-22T14:00:00,3483.6,0,
2025-08-22T15:00:00,3873.3,0,
2025-08-22T16:00:00,3673.4,0,
2025-08-22T17:00:00,3629.9,0,
2025-08-22T18:00:00,3125.4,0,
2025-08-22T19:00:00,3068.4,0,
2025-08-22T20:00:00,2499.8,0,
2025-08-22T21:00:00,2492.1,0,
2025-08-22T22:00:00,2408.7,0,
2025-08-22T23:00:00,2021.0,0,
2025-08-23T00:00:00,1045.1,0,
2025-08-23T01:00:00,1042.3,0,
2025-08-23T02:00:00,912.3,0,
2025-08-23T03:00:00,857.9,0,
2025-08-23T04:00:00,845.8,0,
2025-08-23T05:00:00,1037.8,0,
2025-08-23T06:00:00,1016.4,0,
2025-08-23T07:00:00,1241.2,0,
2025-08-23T08:00:00,1472.3,0,
2025-08-23T09:00:00,1614.7,0,
2025-08-23T10:00:00,1777.0,0,
2025-08-23T11:00:00,1920.1,0,
2025-08-23T12:00:00,2105.5,0,
2025-08-23T13:00:00,2107.4,0,
2025-08-23T14:00:00,2123.1,0,
2025-08-23T15:00:00,2250.0,0,
2025-08-23T16:00:00,2287.5,0,
2025-08-23T17:00:00,2200.0,0,
2025-08-23T18:00:00,1911.9,0,
2025-08-23T19:00:00,1793.2,0,
2025-08-23T20:00:00,1814.8,0,
2025-08-23T21:00:00,1464.8,0,
2025-08-23T22:00:00,1350.2,0,
2025-08-23T23:00:00,1182.7,0,
2025-08-24T00:00:00,1086.8,0,
2025-08-24T01:00:00,943.8,0,
2025-08-24T02:00:00,889.8,0,
2025-08-24T03:00:00,861.6,0,
2025-08-24T04:00:00,895.7,0,
2025-08-24T05:00:00,983.5,0,
2025-08-24T06:00:00,1155.5,0,
2025-08-24T07:00:00,1190.0,0,
2025-08-24T08:00:00,1339.4,0,
2025-08-24T09:00:00,1388.4,0,
2025-08-24T10:00:00,1798.2,0,
2025-08-24T11:00:00,1880.0,0,
2025-08-24T12:00:00,2047.4,0,
2025-08-24T13:00:00,2151.8,0,
2025-08-24T14:00:00,2347.4,0,
2025-08-24T15:00:00,2105.1,0,
2025-08-24T16:00:00,2125.6,0,
2025-08-24T17:00:00,2156.9,0,
2025-08-24T18:00:00,2083.0,0,
2025-08-24T19:00:00,1909.2,0,
2025-08-24T20:00:00,1794.6,0,
2025-08-24T21:00:00,1520.5,0,
2025-08-24T22:00:00,1431.4,0,
2025-08-24T23:00:00,1213.4,0,
2025-08-25T00:00:00,1711.7,0,
2025-08-25T01:00:00,1558.3,0,
2025-08-25T02:00:00,1458.7,0,
2025-08-25T03:00:00,1207.0,0,
2025-08-25T04:00:00,1420.3,0,
2025-08-25T05:00:00,1527.3,0,
2025-08-25T06:00:00,1822.4,0,
2025-08-25T07:00:00,1927.1,0,
2025-08-25T08:00:00,2183.2,0,
2025-08-25T09:00:00,2526.4,0,
2025-08-25T10:00:00,2677.4,0,
2025-08-25T11:00:00,3085.2,0,
2025-08-25T12:00:00,3392.4,0,
2025-08-25T13:00:00,3396.1,0,
2025-08-25T14:00:00,4009.1,0,
2025-08-25T15:00:00,3599.1,0,
2025-08-25T16:00:00,3759.5,0,
2025-08-25T17:00:00,3516.6,0,
2025-08-25T18:00:00,3221.2,0,
2025-08-25T19:00:00,3057.8,0,
2025-08-25T20:00:00,2777.3,0,
2025-08-25T21:00:00,2583.4,0,
2025-08-25T22:00:00,2095.9,0,
2025-08-25T23:00:00,1954.6,0,
2025-08-26T00:00:00,1752.7,0,
2025-08-26T01:00:00,1617.2,0,
2025-08-26T02:00:00,1525.8,0,
2025-08-26T03:00:00,1382.0,0,
2025-08-26T04:00:00,1498.0,0,
2025-08-26T05:00:00,1608.4,0,
2025-08-26T06:00:00,1745.4,0,
2025-08-26T07:00:00,2059.3,0,
2025-08-26T08:00:00,2113.7,0,
2025-08-26T09:00:00,2465.3,0,
2025-08-26T10:00:00,2792.7,0,
2025-08-26T11:00:00,3226.8,0,
2025-08-26T12:00:00,3219.0,0,
2025-08-26T13:00:00,3807.5,0,
2025-08-26T14:00:00,3451.3,0,
2025-08-26T15:00:00,3627.1,0,
2025-08-26T16:00:00,3526.3,0,
2025-08-26T17:00:00,3667.5,0,
2025-08-26T18:00:00,3572.3,0,
2025-08-26T19:00:00,2913.1,0,
2025-08-26T20:00:00,2790.9,0,
2025-08-26T21:00:00,2464.1,0,
2025-08-26T22:00:00,2211.3,0,
2025-08-26T23:00:00,1940.5,0,
2025-08-27T00:00:00,1611.6,0,
2025-08-27T01:00:00,1545.2,0,
2025-08-27T02:00:00,1368.7,0,
2025-08-27T03:00:00,1434.1,0,
2025-08-27T04:00:00,1474.0,0,
2025-08-27T05:00:00,1444.9,0,
2025-08-27T06:00:00,1566.2,0,
2025-08-27T07:00:00,2043.5,0,
2025-08-27T08:00:00,2353.0,0,
2025-08-27T09:00:00,2606.8,0,
2025-08-27T10:00:00,2836.0,0,
2025-08-27T11:00:00,3250.4,0,
2025-08-27T12:00:00,3656.3,0,
2025-08-27T13:00:00,3420.0,0,
2025-08-27T14:00:00,3738.5,0,
2025-08-27T15:00:00,3724.3,0,
2025-08-27T16:00:00,3842.8,0,
2025-08-27T17:00:00,3620.7,0,
2025-08-27T18:00:00,3597.0,0,
2025-08-27T19:00:00,2851.2,0,
2025-08-27T20:00:00,2880.7,0,
2025-08-27T21:00:00,2659.5,0,
2025-08-27T22:00:00,2164.6,0,
2025-08-27T23:00:00,2008.6,0,
2025-08-28T00:00:00,1715.3,0,
2025-08-28T01:00:00,1660.7,0,
2025-08-28T02:00:00,1431.6,0,
2025-08-28T03:00:00,1366.0,0,
2025-08-28T04:00:00,1275.2,0,
2025-08-28T05:00:00,1473.3,0,
2025-08-28T06:00:00,1756.5,0,
2025-08-28T07:00:00,1981.3,0,
2025-08-28T08:00:00,2371.0,0,
2025-08-28T09:00:00,2532.7,0,
2025-08-28T10:00:00,2988.7,0,
2025-08-28T11:00:00,2999.3,0,
2025-08-28T12:00:00,3392.1,0,
2025-08-28T13:00:00,3337.3,0,
2025-08-28T14:00:00,3571.8,0,
2025-08-28T15:00:00,3753.4,0,
2025-08-28T16:00:00,3419.7,0,
2025-08-28T17:00:00,3723.1,0,
2025-08-28T18:00:00,3238.8,0,
2025-08-28T19:00:00,2893.1,0,
2025-08-28T20:00:00,2699.6,0,
2025-08-28T21:00:00,2866.4,0,
2025-08-28T22:00:00,2276.4,0,
2025-08-28T23:00:00,1943.9,0,
2025-08-29T00:00:00,1614.2,0,
2025-08-29T01:00:00,1585.6,0,
2025-08-29T02:00:00,1463.3,0,
2025-08-29T03:00:00,1446.1,0,
2025-08-29T04:00:00,1489.3,0,
2025-08-29T05:00:00,1569.3,0,
2025-08-29T06:00:00,1685.4,0,
2025-08-29T07:00:00,2029.6,0,
2025-08-29T08:00:00,2271.9,0,
2025-08-29T09:00:00,2711.6,0,
2025-08-29T10:00:00,3084.9,0,
2025-08-29T11:00:00,3532.7,0,
2025-08-29T12:00:00,3304.6,0,
2025-08-29T13:00:00,3562.6,0,
2025-08-29T14:00:00,3697.8,0,
2025-08-29T15:00:00,3518.0,0,
2025-08-29T16:00:00,3919.8,0,
2025-08-29T17:00:00,3545.9,0,
2025-08-29T18:00:00,3218.2,0,
2025-08-29T19:00:00,3110.7,0,
2025-08-29T20:00:00,2942.3,0,
2025-08-29T21:00:00,2513.3,0,
2025-08-29T22:00:00,2206.5,0,
2025-08-29T23:00:00,2000.4,0,
2025-08-30T00:00:00,1153.3,0,
2025-08-30T01:00:00,939.8,0,
2025-08-30T02:00:00,829.6,0,
2025-08-30T03:00:00,838.1,0,
2025-08-30T04:00:00,948.3,0,
2025-08-30T05:00:00,905.9,0,
2025-08-30T06:00:00,1038.4,0,
2025-08-30T07:00:00,1185.9,0,
2025-08-30T08:00:00,1462.4,0,
2025-08-30T09:00:00,1490.8,0,
2025-08-30T10:00:00,1780.7,0,
2025-08-30T11:00:00,1964.3,0,
2025-08-30T12:00:00,2110.8,0,
2025-08-30T13:00:00,2319.8,0,
2025-08-30T14:00:00,2260.0,0,
2025-08-30T15:00:00,2195.8,0,
2025-08-30T16:00:00,2360.8,0,
2025-08-30T17:00:00,2297.7,0,
2025-08-30T18:00:00,2251.7,0,
2025-08-30T19:00:00,2077.5,0,
2025-08-30T20:00:00,1950.3,0,
2025-08-30T21:00:00,1557.6,0,
2025-08-30T22:00:00,1314.8,0,
2025-08-30T23:00:00,1284.6,0,
2025-08-31T00:00:00,993.8,0,
2025-08-31T01:00:00,933.1,0,
2025-08-31T02:00:00,934.7,0,
2025-08-31T03:00:00,814.3,0,
2025-08-31T04:00:00,978.0,0,
2025-08-31T05:00:00,999.6,0,
2025-08-31T06:00:00,1177.4,0,
2025-08-31T07:00:00,1373.5,0,
2025-08-31T08:00:00,1550.3,0,
2025-08-31T09:00:00,1657.6,0,
2025-08-31T10:00:00,1601.4,0,
2025-08-31T11:00:00,1930.0,0,
2025-08-31T12:00:00,1873.9,0,
2025-08-31T13:00:00,2246.9,0,
2025-08-31T14:00:00,2346.0,0,
2025-08-31T15:00:00,2309.2,0,
2025-08-31T16:00:00,2343.5,0,
2025-08-31T17:00:00,2255.7,0,
2025-08-31T18:00:00,2042.6,0,
2025-08-31T19:00:00,1950.4,0,
2025-08-31T20:00:00,1996.2,0,
2025-08-31T21:00:00,1580.6,0,
2025-08-31T22:00:00,1622.8,0,
2025-08-31T23:00:00,1287.7,0,
2025-09-01T00:00:00,1883.2,0,
2025-09-01T01:00:00,1588.4,0,
2025-09-01T02:00:00,1417.1,0,
2025-09-01T03:00:00,1453.4,0,
2025-09-01T04:00:00,1552.2,0,
2025-09-01T05:00:00,1581.5,0,
2025-09-01T06:00:00,1607.6,0,
2025-09-01T07:00:00,1994.9,0,
2025-09-01T08:00:00,2463.8,0,
2025-09-01T09:00:00,2774.0,0,
2025-09-01T10:00:00,2655.7,0,
2025-09-01T11:00:00,3206.9,0,
2025-09-01T12:00:00,3869.8,0,
2025-09-01T13:00:00,3901.9,0,
2025-09-01T14:00:00,3948.8,0,
2025-09-01T15:00:00,3765.8,0,
2025-09-01T16:00:00,3607.9,0,
2025-09-01T17:00:00,3596.4,0,
2025-09-01T18:00:00,3283.3,0,
2025-09-01T19:00:00,2906.3,0,
2025-09-01T20:00:00,2947.2,0,
2025-09-01T21:00:00,2659.0,0,
2025-09-01T22:00:00,2197.0,0,
2025-09-01T23:00:00,2114.4,0,
2025-09-02T00:00:00,1786.6,0,
2025-09-02T01:00:00,1510.5,0,
2025-09-02T02:00:00,5922.5,1,spike
2025-09-02T03:00:00,5831.6,1,spike
2025-09-02T04:00:00,5998.4,1,spike
2025-09-02T05:00:00,1657.0,0,
2025-09-02T06:00:00,1719.9,0,
2025-09-02T07:00:00,2131.3,0,
2025-09-02T08:00:00,2300.7,0,
2025-09-02T09:00:00,2566.4,0,
2025-09-02T10:00:00,2820.7,0,
2025-09-02T11:00:00,3438.2,0,
2025-09-02T12:00:00,3793.0,0,
2025-09-02T13:00:00,3605.2,0,
2025-09-02T14:00:00,3446.6,0,
2025-09-02T15:00:00,3511.9,0,
2025-09-02T16:00:00,3859.2,0,
2025-09-02T17:00:00,3363.7,0,
2025-09-02T18:00:00,3314.1,0,
2025-09-02T19:00:00,3167.3,0,
2025-09-02T20:00:00,3001.6,0,
2025-09-02T21:00:00,2731.0,0,
2025-09-02T22:00:00,2328.2,0,
2025-09-02T23:00:00,2003.4,0,
2025-09-03T00:00:00,1853.2,0,
2025-09-03T01:00:00,1484.1,0,
2025-09-03T02:00:00,1393.8,0,
2025-09-03T03:00:00,1498.3,0,
2025-09-03T04:00:00,1613.9,0,
2025-09-03T05:00:00,1583.9,0,
2025-09-03T06:00:00,1907.2,0,
2025-09-03T07:00:00,2031.8,0,
2025-09-03T08:00:00,2186.7,0,
2025-09-03T09:00:00,2754.0,0,
2025-09-03T10:00:00,3017.4,0,
2025-09-03T11:00:00,2803.2,0,
2025-09-03T12:00:00,3466.1,0,
2025-09-03T13:00:00,3432.3,0,
2025-09-03T14:00:00,3873.0,0,
2025-09-03T15:00:00,3562.5,0,
2025-09-03T16:00:00,3785.9,0,
2025-09-03T17:00:00,3874.0,0,
2025-09-03T18:00:00,3528.9,0,
2025-09-03T19:00:00,3250.1,0,
2025-09-03T20:00:00,2902.7,0,
2025-09-03T21:00:00,2389.4,0,
2025-09-03T22:00:00,2233.5,0,
2025-09-03T23:00:00,2065.4,0,
2025-09-04T00:00:00,1854.8,0,
2025-09-04T01:00:00,1501.1,0,
2025-09-04T02:00:00,1407.2,0,
2025-09-04T03:00:00,1306.3,0,
2025-09-04T04:00:00,1425.4,0,
2025-09-04T05:00:00,1683.9,0,
2025-09-04T06:00:00,1908.4,0,
2025-09-04T07:00:00,1828.9,0,
2025-09-04T08:00:00,2094.8,0,
2025-09-04T09:00:00,2489.1,0,
2025-09-04T10:00:00,3054.1,0,
2025-09-04T11:00:00,3060.0,0,
2025-09-04T12:00:00,3328.1,0,
2025-09-04T13:00:00,3396.3,0,
2025-09-04T14:00:00,3861.3,0,
2025-09-04T15:00:00,4294.4,0,
2025-09-04T16:00:00,3717.3,0,
2025-09-04T17:00:00,3476.3,0,
2025-09-04T18:00:00,3721.9,0,
2025-09-04T19:00:00,3127.4,0,
2025-09-04T20:00:00,3078.2,0,
2025-09-04T21:00:00,2414.8,0,
2025-09-04T22:00:00,2213.8,0,
2025-09-04T23:00:00,2024.0,0,
2025-09-05T00:00:00,1724.1,0,
2025-09-05T01:00:00,1560.2,0,
2025-09-05T02:00:00,1462.9,0,
2025-09-05T03:00:00,1432.7,0,
2025-09-05T04:00:00,1398.1,0,
2025-09-05T05:00:00,1641.7,0,
2025-09-05T06:00:00,1637.3,0,
2025-09-05T07:00:00,2142.3,0,
2025-09-05T08:00:00,2414.1,0,
2025-09-05T09:00:00,2827.4,0,
2025-09-05T10:00:00,2841.5,0,
2025-09-05T11:00:00,3228.9,0,
2025-09-05T12:00:00,3301.0,0,
2025-09-05T13:00:00,3380.7,0,
2025-09-05T14:00:00,3851.6,0,
2025-09-05T15:00:00,3747.1,0,
2025-09-05T16:00:00,3985.9,0,
2025-09-05T17:00:00,3995.2,0,
2025-09-05T18:00:00,3481.9,0,
2025-09-05T19:00:00,3393.9,0,
2025-09-05T20:00:00,2963.8,0,
2025-09-05T21:00:00,2484.9,0,
2025-09-05T22:00:00,2309.0,0,
2025-09-05T23:00:00,2074.9,0,
2025-09-06T00:00:00,1209.7,0,
2025-09-06T01:00:00,924.6,0,
2025-09-06T02:00:00,930.7,0,
2025-09-06T03:00:00,952.6,0,
2025-09-06T04:00:00,901.1,0,
2025-09-06T05:00:00,1045.1,0,
2025-09-06T06:00:00,1127.1,0,
2025-09-06T07:00:00,1253.1,0,
2025-09-06T08:00:00,1472.8,0,
2025-09-06T09:00:00,1631.8,0,
2025-09-06T10:00:00,1862.5,0,
2025-09-06T11:00:00,2127.5,0,
2025-09-06T12:00:00,2054.1,0,
2025-09-06T13:00:00,2221.0,0,
2025-09-06T14:00:00,2253.1,0,
2025-09-06T15:00:00,2316.8,0,
2025-09-06T16:00:00,2292.3,0,
2025-09-06T17:00:00,2430.4,0,
2025-09-06T18:00:00,1987.8,0,
2025-09-06T19:00:00,2066.6,0,
2025-09-06T20:00:00,1708.1,0,
2025-09-06T21:00:00,1643.6,0,
2025-09-06T22:00:00,1431.9,0,
2025-09-06T23:00:00,1333.7,0,
2025-09-07T00:00:00,1160.3,0,
2025-09-07T01:00:00,1080.0,0,
2025-09-07T02:00:00,847.0,0,
2025-09-07T03:00:00,952.8,0,
2025-09-07T04:00:00,864.1,0,
2025-09-07T05:00:00,995.8,0,
2025-09-07T06:00:00,1138.8,0,
2025-09-07T07:00:00,1233.8,0,
2025-09-07T08:00:00,1469.0,0,
2025-09-07T09:00:00,1853.1,0,
2025-09-07T10:00:00,1894.6,0,
2025-09-07T11:00:00,1842.3,0,
2025-09-07T12:00:00,2239.8,0,
2025-09-07T13:00:00,2304.8,0,
2025-09-07T14:00:00,2432.6,0,
2025-09-07T15:00:00,2466.1,0,
2025-09-07T16:00:00,2292.5,0,
2025-09-07T17:00:00,2323.4,0,
2025-09-07T18:00:00,2070.9,0,
2025-09-07T19:00:00,1914.2,0,
2025-09-07T20:00:00,1835.8,0,
2025-09-07T21:00:00,1711.2,0,
2025-09-07T22:00:00,1412.5,0,
2025-09-07T23:00:00,1271.5,0,
2025-09-08T00:00:00,1954.3,0,
2025-09-08T01:00:00,1519.1,0,
2025-09-08T02:00:00,1475.8,0,
2025-09-08T03:00:00,1453.1,0,
2025-09-08T04:00:00,1460.5,0,
2025-09-08T05:00:00,1549.4,0,
2025-09-08T06:00:00,1931.2,0,
2025-09-08T07:00:00,2041.9,0,
2025-09-08T08:00:00,2282.3,0,
2025-09-08T09:00:00,2780.8,0,
2025-09-08T10:00:00,2615.5,0,
2025-09-08T11:00:00,3292.1,0,
2025-09-08T12:00:00,3312.6,0,
2025-09-08T13:00:00,3406.5,0,
2025-09-08T14:00:00,4037.2,0,
2025-09-08T15:00:00,4252.1,0,
2025-09-08T16:00:00,3989.8,0,
2025-09-08T17:00:00,3705.3,0,
2025-09-08T18:00:00,3475.7,0,
2025-09-08T19:00:00,3255.7,0,
2025-09-08T20:00:00,3138.6,0,
2025-09-08T21:00:00,2785.8,0,
2025-09-08T22:00:00,2366.6,0,
2025-09-08T23:00:00,2101.6,0,
2025-09-09T00:00:00,1824.3,0,
2025-09-09T01:00:00,1502.3,0,
2025-09-09T02:00:00,1572.3,0,
2025-09-09T03:00:00,1562.3,0,
2025-09-09T04:00:00,1555.3,0,
2025-09-09T05:00:00,1725.0,0,
2025-09-09T06:00:00,1723.3,0,
2025-09-09T07:00:00,2046.0,0,
2025-09-09T08:00:00,2399.5,0,
2025-09-09T09:00:00,2888.9,0,
2025-09-09T10:00:00,3119.6,0,
2025-09-09T11:00:00,3486.5,0,
2025-09-09T12:00:00,3615.2,0,
2025-09-09T13:00:00,3811.5,0,
2025-09-09T14:00:00,4042.0,0,
2025-09-09T15:00:00,3891.4,0,
2025-09-09T16:00:00,3896.6,0,
2025-09-09T17:00:00,4153.7,0,
2025-09-09T18:00:00,3217.3,0,
2025-09-09T19:00:00,3239.4,0,
2025-09-09T20:00:00,3016.3,0,
2025-09-09T21:00:00,2784.9,0,
2025-09-09T22:00:00,2376.3,0,
2025-09-09T23:00:00,2090.7,0,
2025-09-10T00:00:00,1851.4,0,
2025-09-10T01:00:00,1571.5,0,
2025-09-10T02:00:00,1568.6,0,
2025-09-10T03:00:00,1496.1,0,
2025-09-10T04:00:00,1444.5,0,
2025-09-10T05:00:00,1630.5,0,
2025-09-10T06:00:00,1998.8,0,
2025-09-10T07:00:00,2087.3,0,
2025-09-10T08:00:00,2374.3,0,
2025-09-10T09:00:00,2497.5,0,
2025-09-10T10:00:00,3015.6,0,
2025-09-10T11:00:00,3329.2,0,
2025-09-10T12:00:00,3187.4,0,
2025-09-10T13:00:00,3599.9,0,
2025-09-10T14:00:00,4482.9,0,
2025-09-10T15:00:00,3698.2,0,
2025-09-10T16:00:00,3754.1,0,
2025-09-10T17:00:00,3691.1,0,
2025-09-10T18:00:00,3590.3,0,
2025-09-10T19:00:00,3145.7,0,
2025-09-10T20:00:00,3018.8,0,
2025-09-10T21:00:00,2495.4,0,
2025-09-10T22:00:00,2549.1,0,
2025-09-10T23:00:00,2173.2,0,
2025-09-11T00:00:00,1787.7,0,
2025-09-11T01:00:00,1761.6,0,
2025-09-11T02:00:00,1613.8,0,
2025-09-11T03:00:00,1349.6,0,
2025-09-11T04:00:00,1489.1,0,
2025-09-11T05:00:00,1539.0,0,
2025-09-11T06:00:00,1943.7,0,
2025-09-11T07:00:00,2126.8,0,
2025-09-11T08:00:00,2288.7,0,
2025-09-11T09:00:00,2675.8,0,
2025-09-11T10:00:00,3003.3,0,
2025-09-11T11:00:00,3384.5,0,
2025-09-11T12:00:00,3587.5,0,
2025-09-11T13:00:00,3702.9,0,
2025-09-11T14:00:00,3321.1,0,
2025-09-11T15:00:00,3926.7,0,
2025-09-11T16:00:00,3584.5,0,
2025-09-11T17:00:00,3453.6,0,
2025-09-11T18:00:00,3459.4,0,
2025-09-11T19:00:00,3081.7,0,
2025-09-11T20:00:00,3133.0,0,
2025-09-11T21:00:00,2733.5,0,
2025-09-11T22:00:00,2423.4,0,
2025-09-11T23:00:00,2056.2,0,
2025-09-12T00:00:00,1692.3,0,
2025-09-12T01:00:00,1779.2,0,
2025-09-12T02:00:00,1395.2,0,
2025-09-12T03:00:00,1360.6,0,
2025-09-12T04:00:00,1490.8,0,
2025-09-12T05:00:00,1544.9,0,
2025-09-12T06:00:00,1863.5,0,
2025-09-12T07:00:00,2021.4,0,
2025-09-12T08:00:00,2454.0,0,
2025-09-12T09:00:00,2831.9,0,
2025-09-12T10:00:00,3016.7,0,
2025-09-12T11:00:00,3382.2,0,
2025-09-12T12:00:00,3755.7,0,
2025-09-12T13:00:00,3580.9,0,
2025-09-12T14:00:00,3724.0,0,
2025-09-12T15:00:00,3751.7,0,
2025-09-12T16:00:00,3630.9,0,
2025-09-12T17:00:00,3557.2,0,
2025-09-12T18:00:00,3521.5,0,
2025-09-12T19:00:00,3262.9,0,
2025-09-12T20:00:00,2956.0,0,
2025-09-12T21:00:00,2788.7,0,
2025-09-12T22:00:00,2163.9,0,
2025-09-12T23:00:00,2172.3,0,
2025-09-13T00:00:00,1000.6,0,
2025-09-13T01:00:00,1008.7,0,
2025-09-13T02:00:00,791.6,0,
2025-09-13T03:00:00,921.9,0,
2025-09-13T04:00:00,973.0,0,
2025-09-13T05:00:00,975.6,0,
2025-09-13T06:00:00,1199.5,0,
2025-09-13T07:00:00,1406.5,0,
2025-09-13T08:00:00,1468.2,0,
2025-09-13T09:00:00,1564.1,0,
2025-09-13T10:00:00,1867.9,0,
2025-09-13T11:00:00,1851.8,0,
2025-09-13T12:00:00,2192.0,0,
2025-09-13T13:00:00,2584.7,0,
2025-09-13T14:00:00,2406.0,0,
2025-09-13T15:00:00,2250.9,0,
2025-09-13T16:00:00,2277.8,0,
2025-09-13T17:00:00,2391.3,0,
2025-09-13T18:00:00,2105.1,0,
2025-09-13T19:00:00,1989.9,0,
2025-09-13T20:00:00,1754.6,0,
2025-09-13T21:00:00,1584.2,0,
2025-09-13T22:00:00,1460.1,0,
2025-09-13T23:00:00,1396.2,0,
2025-09-14T00:00:00,1097.4,0,
2025-09-14T01:00:00,1044.7,0,
2025-09-14T02:00:00,1013.2,0,
2025-09-14T03:00:00,934.5,0,
2025-09-14T04:00:00,936.3,0,
2025-09-14T05:00:00,1004.6,0,
2025-09-14T06:00:00,1090.4,0,
2025-09-14T07:00:00,1393.4,0,
2025-09-14T08:00:00,1537.5,0,
2025-09-14T09:00:00,1705.8,0,
2025-09-14T10:00:00,1901.4,0,
2025-09-14T11:00:00,1990.9,0,
2025-09-14T12:00:00,2284.7,0,
2025-09-14T13:00:00,2334.3,0,
2025-09-14T14:00:00,2500.5,0,
2025-09-14T15:00:00,2410.9,0,
2025-09-14T16:00:00,2218.4,0,
2025-09-14T17:00:00,2266.4,0,
2025-09-14T18:00:00,2110.4,0,
2025-09-14T19:00:00,2124.1,0,
2025-09-14T20:00:00,1906.9,0,
2025-09-14T21:00:00,1643.4,0,
2025-09-14T22:00:00,1472.3,0,
2025-09-14T23:00:00,1378.0,0,
2025-09-15T00:00:00,1909.1,0,
2025-09-15T01:00:00,1598.3,0,
2025-09-15T02:00:00,1603.8,0,
2025-09-15T03:00:00,1589.1,0,
2025-09-15T04:00:00,1504.6,0,
2025-09-15T05:00:00,1696.3,0,
2025-09-15T06:00:00,1966.7,0,
2025-09-15T07:00:00,2055.5,0,
2025-09-15T08:00:00,2333.3,0,
2025-09-15T09:00:00,2847.5,0,
2025-09-15T10:00:00,3131.3,0,
2025-09-15T11:00:00,3489.7,0,
2025-09-15T12:00:00,3485.5,0,
2025-09-15T13:00:00,3850.8,0,
2025-09-15T14:00:00,3772.5,0,
2025-09-15T15:00:00,4167.3,0,
2025-09-15T16:00:00,3643.5,0,
2025-09-15T17:00:00,3623.3,0,
2025-09-15T18:00:00,3623.6,0,
2025-09-15T19:00:00,3681.4,0,
2025-09-15T20:00:00,3159.3,0,
2025-09-15T21:00:00,2688.8,0,
2025-09-15T22:00:00,2363.8,0,
2025-09-15T23:00:00,2182.8,0,
2025-09-16T00:00:00,1908.0,0,
2025-09-16T01:00:00,1528.1,0,
2025-09-16T02:00:00,1509.2,0,
2025-09-16T03:00:00,1510.7,0,
2025-09-16T04:00:00,1490.9,0,
2025-09-16T05:00:00,1593.9,0,
2025-09-16T06:00:00,1950.7,0,
2025-09-16T07:00:00,1954.1,0,
2025-09-16T08:00:00,2241.9,0,
2025-09-16T09:00:00,2789.7,0,
2025-09-16T10:00:00,2996.7,0,
2025-09-16T11:00:00,3203.0,0,
2025-09-16T12:00:00,3702.7,0,
2025-09-16T13:00:00,3863.5,0,
2025-09-16T14:00:00,4002.3,0,
2025-09-16T15:00:00,3854.6,0,
2025-09-16T16:00:00,1219.0,1,dip
2025-09-16T17:00:00,1149.5,1,dip
2025-09-16T18:00:00,1064.4,1,dip
2025-09-16T19:00:00,1041.2,1,dip
2025-09-16T20:00:00,966.3,1,dip
2025-09-16T21:00:00,772.8,1,dip
2025-09-16T22:00:00,2456.2,0,
2025-09-16T23:00:00,1938.9,0,
2025-09-17T00:00:00,1869.8,0,
2025-09-17T01:00:00,1812.0,0,
2025-09-17T02:00:00,1564.8,0,
2025-09-17T03:00:00,1404.1,0,
2025-09-17T04:00:00,1480.9,0,
2025-09-17T05:00:00,1685.8,0,
2025-09-17T06:00:00,1784.9,0,
2025-09-17T07:00:00,2079.3,0,
2025-09-17T08:00:00,2347.5,0,
2025-09-17T09:00:00,2521.9,0,
2025-09-17T10:00:00,3100.5,0,
2025-09-17T11:00:00,3534.4,0,
2025-09-17T12:00:00,3886.9,0,
2025-09-17T13:00:00,3690.6,0,
2025-09-17T14:00:00,3886.7,0,
2025-09-17T15:00:00,3845.7,0,
2025-09-17T16:00:00,3944.1,0,
2025-09-17T17:00:00,3690.8,0,
2025-09-17T18:00:00,3732.3,0,
2025-09-17T19:00:00,3523.6,0,
2025-09-17T20:00:00,3107.5,0,
2025-09-17T21:00:00,2753.9,0,
2025-09-17T22:00:00,2476.8,0,
2025-09-17T23:00:00,2085.1,0,
2025-09-18T00:00:00,1835.0,0,
2025-09-18T01:00:00,1792.2,0,
2025-09-18T02:00:00,1669.7,0,
2025-09-18T03:00:00,1667.4,0,
2025-09-18T04:00:00,1599.4,0,
2025-09-18T05:00:00,1729.4,0,
2025-09-18T06:00:00,1846.9,0,
2025-09-18T07:00:00,2056.4,0,
2025-09-18T08:00:00,2306.5,0,
2025-09-18T09:00:00,2755.4,0,
2025-09-18T10:00:00,3321.5,0,
2025-09-18T11:00:00,3166.8,0,
2025-09-18T12:00:00,3769.1,0,
2025-09-18T13:00:00,3926.3,0,
2025-09-18T14:00:00,3825.3,0,
2025-09-18T15:00:00,4035.9,0,
2025-09-18T16:00:00,3816.4,0,
2025-09-18T17:00:00,3251.6,0,
2025-09-18T18:00:00,3589.3,0,
2025-09-18T19:00:00,3141.3,0,
2025-09-18T20:00:00,3269.7,0,
2025-09-18T21:00:00,2875.8,0,
2025-09-18T22:00:00,2716.1,0,
2025-09-18T23:00:00,1880.9,0,
2025-09-19T00:00:00,1861.3,0,
2025-09-19T01:00:00,1640.6,0,
2025-09-19T02:00:00,1623.8,0,
2025-09-19T03:00:00,1632.0,0,
2025-09-19T04:00:00,1460.9,0,
2025-09-19T05:00:00,1591.7,0,
2025-09-19T06:00:00,1835.9,0,
2025-09-19T07:00:00,2196.4,0,
2025-09-19T08:00:00,2564.7,0,
2025-09-19T09:00:00,2722.1,0,
2025-09-19T10:00:00,3175.8,0,
2025-09-19T11:00:00,3368.5,0,
2025-09-19T12:00:00,3791.1,0,
2025-09-19T13:00:00,3687.9,0,
2025-09-19T14:00:00,3927.7,0,
2025-09-19T15:00:00,3826.6,0,
2025-09-19T16:00:00,4148.0,0,
2025-09-19T17:00:00,4033.4,0,
2025-09-19T18:00:00,3773.1,0,
2025-09-19T19:00:00,3182.1,0,
2025-09-19T20:00:00,2816.2,0,
2025-09-19T21:00:00,2551.2,0,
2025-09-19T22:00:00,2341.6,0,
2025-09-19T23:00:00,2058.7,0,
2025-09-20T00:00:00,1177.3,0,
2025-09-20T01:00:00,1106.3,0,
2025-09-20T02:00:00,1011.8,0,
2025-09-20T03:00:00,933.5,0,
2025-09-20T04:00:00,900.4,0,
2025-09-20T05:00:00,1065.3,0,
2025-09-20T06:00:00,1200.5,0,
2025-09-20T07:00:00,1374.8,0,
2025-09-20T08:00:00,1501.0,0,
2025-09-20T09:00:00,1787.3,0,
2025-09-20T10:00:00,1961.2,0,
2025-09-20T11:00:00,2158.5,0,
2025-09-20T12:00:00,2333.8,0,
2025-09-20T13:00:00,2407.5,0,
2025-09-20T14:00:00,2400.3,0,
2025-09-20T15:00:00,2422.9,0,
2025-09-20T16:00:00,2438.7,0,
2025-09-20T17:00:00,2417.5,0,
2025-09-20T18:00:00,2211.9,0,
2025-09-20T19:00:00,1990.8,0,
2025-09-20T20:00:00,2000.3,0,
2025-09-20T21:00:00,1605.7,0,
2025-09-20T22:00:00,1487.6,0,
2025-09-20T23:00:00,1321.5,0,
2025-09-21T00:00:00,1147.1,0,
2025-09-21T01:00:00,1111.3,0,
2025-09-21T02:00:00,920.5,0,
2025-09-21T03:00:00,921.9,0,
2025-09-21T04:00:00,986.9,0,
2025-09-21T05:00:00,1041.4,0,
2025-09-21T06:00:00,1140.0,0,
2025-09-21T07:00:00,1401.9,0,
2025-09-21T08:00:00,1404.6,0,
2025-09-21T09:00:00,1617.6,0,
2025-09-21T10:00:00,1839.0,0,
2025-09-21T11:00:00,2178.3,0,
2025-09-21T12:00:00,2256.4,0,
2025-09-21T13:00:00,2310.4,0,
2025-09-21T14:00:00,2442.8,0,
2025-09-21T15:00:00,2645.6,0,
2025-09-21T16:00:00,2518.3,0,
2025-09-21T17:00:00,2539.2,0,
2025-09-21T18:00:00,2344.7,0,
2025-09-21T19:00:00,2218.6,0,
2025-09-21T20:00:00,1852.7,0,
2025-09-21T21:00:00,1571.7,0,
2025-09-21T22:00:00,1537.1,0,
2025-09-21T23:00:00,1238.3,0,
